date,product,opening_stock,units_produced,units_dispatched,closing_stock,lost_demand,stockout_flag
2025-01-01,VoltEdge Case,40,10,37,13,0,No
2025-01-01,VoltEdge Charger,40,21,23,38,0,No
2025-01-01,VoltEdge Power Bank,40,0,13,27,0,No
2025-01-02,VoltEdge Case,13,37,30,20,0,No
2025-01-02,VoltEdge Charger,38,22,20,40,0,No
2025-01-02,VoltEdge Power Bank,27,10,11,26,0,No
2025-01-03,VoltEdge Case,20,32,39,13,0,No
2025-01-03,VoltEdge Charger,40,23,22,41,0,No
2025-01-03,VoltEdge Power Bank,26,1,10,17,0,No
2025-01-04,VoltEdge Case,13,39,31,21,0,No
2025-01-04,VoltEdge Charger,41,25,19,47,0,No
2025-01-04,VoltEdge Power Bank,17,10,12,15,0,No
2025-01-05,VoltEdge Case,21,39,35,25,0,No
2025-01-05,VoltEdge Charger,47,22,25,44,0,No
2025-01-05,VoltEdge Power Bank,15,10,11,14,0,No
2025-01-06,VoltEdge Case,25,36,37,24,0,No
2025-01-06,VoltEdge Charger,44,21,21,44,0,No
2025-01-06,VoltEdge Power Bank,14,1,14,1,0,No
2025-01-07,VoltEdge Case,24,5,29,0,9,Yes
2025-01-07,VoltEdge Charger,44,21,26,39,0,No
2025-01-07,VoltEdge Power Bank,1,11,10,2,0,No
2025-01-08,VoltEdge Case,0,34,33,1,0,No
2025-01-08,VoltEdge Charger,39,24,23,40,0,No
2025-01-08,VoltEdge Power Bank,2,9,10,1,0,No
2025-01-09,VoltEdge Case,1,32,29,4,0,No
2025-01-09,VoltEdge Charger,40,24,20,44,0,No
2025-01-09,VoltEdge Power Bank,1,11,10,2,0,No
2025-01-10,VoltEdge Case,4,33,32,5,0,No
2025-01-10,VoltEdge Charger,44,1,24,21,0,No
2025-01-10,VoltEdge Power Bank,2,11,12,1,0,No
2025-01-11,VoltEdge Case,5,4,9,0,30,Yes
2025-01-11,VoltEdge Charger,21,22,23,20,0,No
2025-01-11,VoltEdge Power Bank,1,10,11,0,3,Yes
2025-01-12,VoltEdge Case,0,37,37,0,4,Yes
2025-01-12,VoltEdge Charger,20,23,25,18,0,No
2025-01-12,VoltEdge Power Bank,0,9,9,0,3,Yes
2025-01-13,VoltEdge Case,0,2,2,0,28,Yes
2025-01-13,VoltEdge Charger,18,20,22,16,0,No
2025-01-13,VoltEdge Power Bank,0,11,11,0,0,Yes
2025-01-14,VoltEdge Case,0,36,36,0,5,Yes
2025-01-14,VoltEdge Charger,16,21,22,15,0,No
2025-01-14,VoltEdge Power Bank,0,9,9,0,1,Yes
2025-01-15,VoltEdge Case,0,32,32,0,7,Yes
2025-01-15,VoltEdge Charger,15,25,21,19,0,No
2025-01-15,VoltEdge Power Bank,0,10,10,0,2,Yes
2025-01-16,VoltEdge Case,0,38,32,6,0,No
2025-01-16,VoltEdge Charger,19,25,26,18,0,No
2025-01-16,VoltEdge Power Bank,0,10,10,0,3,Yes
2025-01-17,VoltEdge Case,6,33,39,0,1,Yes
2025-01-17,VoltEdge Charger,18,20,25,13,0,No
2025-01-17,VoltEdge Power Bank,0,11,11,0,1,Yes
2025-01-18,VoltEdge Case,0,33,33,0,3,Yes
2025-01-18,VoltEdge Charger,13,21,23,11,0,No
2025-01-18,VoltEdge Power Bank,0,0,0,0,13,Yes
2025-01-19,VoltEdge Case,0,33,33,0,7,Yes
2025-01-19,VoltEdge Charger,11,5,16,0,3,Yes
2025-01-19,VoltEdge Power Bank,0,10,10,0,2,Yes
2025-01-20,VoltEdge Case,0,9,9,0,32,Yes
2025-01-20,VoltEdge Charger,0,22,21,1,0,No
2025-01-20,VoltEdge Power Bank,0,11,11,0,0,Yes
2025-01-21,VoltEdge Case,0,33,33,0,6,Yes
2025-01-21,VoltEdge Charger,1,25,19,7,0,No
2025-01-21,VoltEdge Power Bank,0,2,2,0,11,Yes
2025-01-22,VoltEdge Case,0,4,4,0,37,Yes
2025-01-22,VoltEdge Charger,7,5,12,0,13,Yes
2025-01-22,VoltEdge Power Bank,0,9,9,0,1,Yes
2025-01-23,VoltEdge Case,0,36,29,7,0,No
2025-01-23,VoltEdge Charger,0,20,20,0,1,Yes
2025-01-23,VoltEdge Power Bank,0,9,9,0,3,Yes
2025-01-24,VoltEdge Case,7,37,38,6,0,No
2025-01-24,VoltEdge Charger,0,22,22,0,3,Yes
2025-01-24,VoltEdge Power Bank,0,10,10,0,4,Yes
2025-01-25,VoltEdge Case,6,39,34,11,0,No
2025-01-25,VoltEdge Charger,0,25,23,2,0,No
2025-01-25,VoltEdge Power Bank,0,1,1,0,10,Yes
2025-01-26,VoltEdge Case,11,35,39,7,0,No
2025-01-26,VoltEdge Charger,2,2,4,0,16,Yes
2025-01-26,VoltEdge Power Bank,0,9,9,0,1,Yes
2025-01-27,VoltEdge Case,7,7,14,0,16,Yes
2025-01-27,VoltEdge Charger,0,25,24,1,0,No
2025-01-27,VoltEdge Power Bank,0,11,11,0,1,Yes
2025-01-28,VoltEdge Case,0,35,35,0,0,Yes
2025-01-28,VoltEdge Charger,1,22,21,2,0,No
2025-01-28,VoltEdge Power Bank,0,11,11,0,2,Yes
2025-01-29,VoltEdge Case,0,32,32,0,7,Yes
2025-01-29,VoltEdge Charger,2,21,23,0,2,Yes
2025-01-29,VoltEdge Power Bank,0,9,9,0,4,Yes
2025-01-30,VoltEdge Case,0,37,29,8,0,No
2025-01-30,VoltEdge Charger,0,0,0,0,19,Yes
2025-01-30,VoltEdge Power Bank,0,10,10,0,3,Yes
2025-01-31,VoltEdge Case,8,8,16,0,22,Yes
2025-01-31,VoltEdge Charger,0,21,20,1,0,No
2025-01-31,VoltEdge Power Bank,0,2,2,0,10,Yes
2025-02-01,VoltEdge Case,0,3,3,0,26,Yes
2025-02-01,VoltEdge Charger,1,22,23,0,2,Yes
2025-02-01,VoltEdge Power Bank,0,10,10,0,2,Yes
2025-02-02,VoltEdge Case,0,37,37,0,3,Yes
2025-02-02,VoltEdge Charger,0,24,24,0,0,Yes
2025-02-02,VoltEdge Power Bank,0,11,11,0,1,Yes
2025-02-03,VoltEdge Case,0,37,29,8,0,No
2025-02-03,VoltEdge Charger,0,23,23,0,2,Yes
2025-02-03,VoltEdge Power Bank,0,0,0,0,10,Yes
2025-02-04,VoltEdge Case,8,32,38,2,0,No
2025-02-04,VoltEdge Charger,0,23,23,0,3,Yes
2025-02-04,VoltEdge Power Bank,0,11,11,0,2,Yes
2025-02-05,VoltEdge Case,2,8,10,0,20,Yes
2025-02-05,VoltEdge Charger,0,20,20,0,6,Yes
2025-02-05,VoltEdge Power Bank,0,9,9,0,3,Yes
2025-02-06,VoltEdge Case,0,33,33,0,7,Yes
2025-02-06,VoltEdge Charger,0,1,1,0,25,Yes
2025-02-06,VoltEdge Power Bank,0,10,10,0,4,Yes
2025-02-07,VoltEdge Case,0,34,34,0,7,Yes
2025-02-07,VoltEdge Charger,0,24,22,2,0,No
2025-02-07,VoltEdge Power Bank,0,1,1,0,11,Yes
2025-02-08,VoltEdge Case,0,32,32,0,1,Yes
2025-02-08,VoltEdge Charger,2,4,6,0,14,Yes
2025-02-08,VoltEdge Power Bank,0,1,1,0,13,Yes
2025-02-09,VoltEdge Case,0,39,32,7,0,No
2025-02-09,VoltEdge Charger,0,1,1,0,22,Yes
2025-02-09,VoltEdge Power Bank,0,11,11,0,1,Yes
2025-02-10,VoltEdge Case,7,37,34,10,0,No
2025-02-10,VoltEdge Charger,0,20,20,0,4,Yes
2025-02-10,VoltEdge Power Bank,0,10,10,0,1,Yes
2025-02-11,VoltEdge Case,10,39,42,7,0,No
2025-02-11,VoltEdge Charger,0,4,4,0,18,Yes
2025-02-11,VoltEdge Power Bank,0,11,11,0,0,Yes
2025-02-12,VoltEdge Case,7,33,31,9,0,No
2025-02-12,VoltEdge Charger,0,24,21,3,0,No
2025-02-12,VoltEdge Power Bank,0,10,10,0,2,Yes
2025-02-13,VoltEdge Case,9,37,36,10,0,No
2025-02-13,VoltEdge Charger,3,22,23,2,0,No
2025-02-13,VoltEdge Power Bank,0,9,9,0,2,Yes
2025-02-14,VoltEdge Case,10,36,28,18,0,No
2025-02-14,VoltEdge Charger,2,21,23,0,2,Yes
2025-02-14,VoltEdge Power Bank,0,10,10,0,3,Yes
2025-02-15,VoltEdge Case,18,3,21,0,8,Yes
2025-02-15,VoltEdge Charger,0,23,23,0,0,Yes
2025-02-15,VoltEdge Power Bank,0,9,9,0,5,Yes
2025-02-16,VoltEdge Case,0,38,28,10,0,No
2025-02-16,VoltEdge Charger,0,23,18,5,0,No
2025-02-16,VoltEdge Power Bank,0,10,10,0,1,Yes
2025-02-17,VoltEdge Case,10,6,16,0,17,Yes
2025-02-17,VoltEdge Charger,5,24,23,6,0,No
2025-02-17,VoltEdge Power Bank,0,9,9,0,3,Yes
2025-02-18,VoltEdge Case,0,33,33,0,1,Yes
2025-02-18,VoltEdge Charger,6,25,18,13,0,No
2025-02-18,VoltEdge Power Bank,0,10,10,0,0,Yes
2025-02-19,VoltEdge Case,0,35,28,7,0,No
2025-02-19,VoltEdge Charger,13,6,19,0,4,Yes
2025-02-19,VoltEdge Power Bank,0,10,10,0,2,Yes
2025-02-20,VoltEdge Case,7,37,40,4,0,No
2025-02-20,VoltEdge Charger,0,0,0,0,25,Yes
2025-02-20,VoltEdge Power Bank,0,3,3,0,9,Yes
2025-02-21,VoltEdge Case,4,8,12,0,25,Yes
2025-02-21,VoltEdge Charger,0,25,25,0,0,Yes
2025-02-21,VoltEdge Power Bank,0,2,2,0,9,Yes
2025-02-22,VoltEdge Case,0,5,5,0,25,Yes
2025-02-22,VoltEdge Charger,0,4,4,0,18,Yes
2025-02-22,VoltEdge Power Bank,0,10,10,0,2,Yes
2025-02-23,VoltEdge Case,0,34,31,3,0,No
2025-02-23,VoltEdge Charger,0,24,24,0,1,Yes
2025-02-23,VoltEdge Power Bank,0,11,10,1,0,No
2025-02-24,VoltEdge Case,3,37,39,1,0,No
2025-02-24,VoltEdge Charger,0,23,20,3,0,No
2025-02-24,VoltEdge Power Bank,1,10,10,1,0,No
2025-02-25,VoltEdge Case,1,34,35,0,2,Yes
2025-02-25,VoltEdge Charger,3,22,22,3,0,No
2025-02-25,VoltEdge Power Bank,1,10,11,0,1,Yes
2025-02-26,VoltEdge Case,0,35,35,0,2,Yes
2025-02-26,VoltEdge Charger,3,22,22,3,0,No
2025-02-26,VoltEdge Power Bank,0,1,1,0,13,Yes
2025-02-27,VoltEdge Case,0,36,35,1,0,No
2025-02-27,VoltEdge Charger,3,24,19,8,0,No
2025-02-27,VoltEdge Power Bank,0,10,10,0,3,Yes
2025-02-28,VoltEdge Case,1,37,34,4,0,No
2025-02-28,VoltEdge Charger,8,20,20,8,0,No
2025-02-28,VoltEdge Power Bank,0,9,9,0,3,Yes
2025-03-01,VoltEdge Case,4,38,42,0,0,Yes
2025-03-01,VoltEdge Charger,8,21,21,8,0,No
2025-03-01,VoltEdge Power Bank,0,9,9,0,3,Yes
2025-03-02,VoltEdge Case,0,33,33,0,6,Yes
2025-03-02,VoltEdge Charger,8,21,24,5,0,No
2025-03-02,VoltEdge Power Bank,0,10,10,0,2,Yes
2025-03-03,VoltEdge Case,0,38,32,6,0,No
2025-03-03,VoltEdge Charger,5,22,18,9,0,No
2025-03-03,VoltEdge Power Bank,0,10,10,0,2,Yes
2025-03-04,VoltEdge Case,6,1,7,0,27,Yes
2025-03-04,VoltEdge Charger,9,22,20,11,0,No
2025-03-04,VoltEdge Power Bank,0,11,10,1,0,No
2025-03-05,VoltEdge Case,0,38,33,5,0,No
2025-03-05,VoltEdge Charger,11,23,25,9,0,No
2025-03-05,VoltEdge Power Bank,1,0,1,0,10,Yes
2025-03-06,VoltEdge Case,5,34,29,10,0,No
2025-03-06,VoltEdge Charger,9,25,20,14,0,No
2025-03-06,VoltEdge Power Bank,0,11,10,1,0,No
2025-03-07,VoltEdge Case,10,36,34,12,0,No
2025-03-07,VoltEdge Charger,14,24,23,15,0,No
2025-03-07,VoltEdge Power Bank,1,9,10,0,0,Yes
2025-03-08,VoltEdge Case,12,39,38,13,0,No
2025-03-08,VoltEdge Charger,15,20,21,14,0,No
2025-03-08,VoltEdge Power Bank,0,10,10,0,4,Yes
2025-03-09,VoltEdge Case,13,32,31,14,0,No
2025-03-09,VoltEdge Charger,14,23,24,13,0,No
2025-03-09,VoltEdge Power Bank,0,9,9,0,1,Yes
2025-03-10,VoltEdge Case,14,36,31,19,0,No
2025-03-10,VoltEdge Charger,13,24,22,15,0,No
2025-03-10,VoltEdge Power Bank,0,9,9,0,5,Yes
2025-03-11,VoltEdge Case,19,34,36,17,0,No
2025-03-11,VoltEdge Charger,15,20,24,11,0,No
2025-03-11,VoltEdge Power Bank,0,9,9,0,4,Yes
2025-03-12,VoltEdge Case,17,32,38,11,0,No
2025-03-12,VoltEdge Charger,11,20,21,10,0,No
2025-03-12,VoltEdge Power Bank,0,11,10,1,0,No
2025-03-13,VoltEdge Case,11,32,41,2,0,No
2025-03-13,VoltEdge Charger,10,3,13,0,13,Yes
2025-03-13,VoltEdge Power Bank,1,10,11,0,0,Yes
2025-03-14,VoltEdge Case,2,33,35,0,6,Yes
2025-03-14,VoltEdge Charger,0,0,0,0,18,Yes
2025-03-14,VoltEdge Power Bank,0,0,0,0,14,Yes
2025-03-15,VoltEdge Case,0,36,29,7,0,No
2025-03-15,VoltEdge Charger,0,25,25,0,0,Yes
2025-03-15,VoltEdge Power Bank,0,9,9,0,5,Yes
2025-03-16,VoltEdge Case,7,37,38,6,0,No
2025-03-16,VoltEdge Charger,0,24,18,6,0,No
2025-03-16,VoltEdge Power Bank,0,2,2,0,10,Yes
2025-03-17,VoltEdge Case,6,1,7,0,26,Yes
2025-03-17,VoltEdge Charger,6,21,26,1,0,No
2025-03-17,VoltEdge Power Bank,0,9,9,0,4,Yes
2025-03-18,VoltEdge Case,0,32,28,4,0,No
2025-03-18,VoltEdge Charger,1,25,19,7,0,No
2025-03-18,VoltEdge Power Bank,0,11,11,0,1,Yes
2025-03-19,VoltEdge Case,4,32,32,4,0,No
2025-03-19,VoltEdge Charger,7,23,20,10,0,No
2025-03-19,VoltEdge Power Bank,0,9,9,0,1,Yes
2025-03-20,VoltEdge Case,4,33,37,0,4,Yes
2025-03-20,VoltEdge Charger,10,21,26,5,0,No
2025-03-20,VoltEdge Power Bank,0,11,10,1,0,No
2025-03-21,VoltEdge Case,0,38,38,0,1,Yes
2025-03-21,VoltEdge Charger,5,23,23,5,0,No
2025-03-21,VoltEdge Power Bank,1,10,10,1,0,No
2025-03-22,VoltEdge Case,0,0,0,0,42,Yes
2025-03-22,VoltEdge Charger,5,25,22,8,0,No
2025-03-22,VoltEdge Power Bank,1,11,12,0,1,Yes
2025-03-23,VoltEdge Case,0,35,33,2,0,No
2025-03-23,VoltEdge Charger,8,1,9,0,10,Yes
2025-03-23,VoltEdge Power Bank,0,10,10,0,0,Yes
2025-03-24,VoltEdge Case,2,36,38,0,2,Yes
2025-03-24,VoltEdge Charger,0,21,21,0,0,Yes
2025-03-24,VoltEdge Power Bank,0,9,9,0,4,Yes
2025-03-25,VoltEdge Case,0,32,28,4,0,No
2025-03-25,VoltEdge Charger,0,23,23,0,0,Yes
2025-03-25,VoltEdge Power Bank,0,10,10,0,3,Yes
2025-03-26,VoltEdge Case,4,36,38,2,0,No
2025-03-26,VoltEdge Charger,0,24,24,0,2,Yes
2025-03-26,VoltEdge Power Bank,0,10,10,0,1,Yes
2025-03-27,VoltEdge Case,2,1,3,0,26,Yes
2025-03-27,VoltEdge Charger,0,22,20,2,0,No
2025-03-27,VoltEdge Power Bank,0,9,9,0,2,Yes
2025-03-28,VoltEdge Case,0,39,29,10,0,No
2025-03-28,VoltEdge Charger,2,24,22,4,0,No
2025-03-28,VoltEdge Power Bank,0,2,2,0,10,Yes
2025-03-29,VoltEdge Case,10,39,42,7,0,No
2025-03-29,VoltEdge Charger,4,23,25,2,0,No
2025-03-29,VoltEdge Power Bank,0,10,10,0,4,Yes
2025-03-30,VoltEdge Case,7,37,39,5,0,No
2025-03-30,VoltEdge Charger,2,22,18,6,0,No
2025-03-30,VoltEdge Power Bank,0,9,9,0,4,Yes
2025-03-31,VoltEdge Case,5,38,37,6,0,No
2025-03-31,VoltEdge Charger,6,23,24,5,0,No
2025-03-31,VoltEdge Power Bank,0,10,10,0,3,Yes
2025-04-01,VoltEdge Case,6,39,39,6,0,No
2025-04-01,VoltEdge Charger,5,23,25,3,0,No
2025-04-01,VoltEdge Power Bank,0,11,10,1,0,No
2025-04-02,VoltEdge Case,6,37,35,8,0,No
2025-04-02,VoltEdge Charger,3,22,23,2,0,No
2025-04-02,VoltEdge Power Bank,1,10,10,1,0,No
2025-04-03,VoltEdge Case,8,32,33,7,0,No
2025-04-03,VoltEdge Charger,2,20,22,0,3,Yes
2025-04-03,VoltEdge Power Bank,1,11,12,0,2,Yes
2025-04-04,VoltEdge Case,7,39,35,11,0,No
2025-04-04,VoltEdge Charger,0,0,0,0,25,Yes
2025-04-04,VoltEdge Power Bank,0,9,9,0,2,Yes
2025-04-05,VoltEdge Case,11,34,41,4,0,No
2025-04-05,VoltEdge Charger,0,24,19,5,0,No
2025-04-05,VoltEdge Power Bank,0,10,10,0,1,Yes
2025-04-06,VoltEdge Case,4,35,38,1,0,No
2025-04-06,VoltEdge Charger,5,20,20,5,0,No
2025-04-06,VoltEdge Power Bank,0,11,11,0,2,Yes
2025-04-07,VoltEdge Case,1,32,30,3,0,No
2025-04-07,VoltEdge Charger,5,24,20,9,0,No
2025-04-07,VoltEdge Power Bank,0,11,10,1,0,No
2025-04-08,VoltEdge Case,3,32,35,0,5,Yes
2025-04-08,VoltEdge Charger,9,20,21,8,0,No
2025-04-08,VoltEdge Power Bank,1,10,11,0,0,Yes
2025-04-09,VoltEdge Case,0,37,29,8,0,No
2025-04-09,VoltEdge Charger,8,23,20,11,0,No
2025-04-09,VoltEdge Power Bank,0,11,11,0,2,Yes
2025-04-10,VoltEdge Case,8,32,31,9,0,No
2025-04-10,VoltEdge Charger,11,22,22,11,0,No
2025-04-10,VoltEdge Power Bank,0,1,1,0,11,Yes
2025-04-11,VoltEdge Case,9,33,40,2,0,No
2025-04-11,VoltEdge Charger,11,23,21,13,0,No
2025-04-11,VoltEdge Power Bank,0,9,9,0,3,Yes
2025-04-12,VoltEdge Case,2,38,38,2,0,No
2025-04-12,VoltEdge Charger,13,6,19,0,4,Yes
2025-04-12,VoltEdge Power Bank,0,10,10,0,2,Yes
2025-04-13,VoltEdge Case,2,33,35,0,5,Yes
2025-04-13,VoltEdge Charger,0,23,23,0,0,Yes
2025-04-13,VoltEdge Power Bank,0,10,10,0,2,Yes
2025-04-14,VoltEdge Case,0,35,35,0,6,Yes
2025-04-14,VoltEdge Charger,0,5,5,0,14,Yes
2025-04-14,VoltEdge Power Bank,0,10,10,0,1,Yes
2025-04-15,VoltEdge Case,0,6,6,0,36,Yes
2025-04-15,VoltEdge Charger,0,22,22,0,1,Yes
2025-04-15,VoltEdge Power Bank,0,10,10,0,4,Yes
2025-04-16,VoltEdge Case,0,35,35,0,0,Yes
2025-04-16,VoltEdge Charger,0,25,23,2,0,No
2025-04-16,VoltEdge Power Bank,0,11,11,0,3,Yes
2025-04-17,VoltEdge Case,0,35,35,0,6,Yes
2025-04-17,VoltEdge Charger,2,21,23,0,0,Yes
2025-04-17,VoltEdge Power Bank,0,9,9,0,4,Yes
2025-04-18,VoltEdge Case,0,32,31,1,0,No
2025-04-18,VoltEdge Charger,0,20,20,0,5,Yes
2025-04-18,VoltEdge Power Bank,0,11,11,0,2,Yes
2025-04-19,VoltEdge Case,1,37,38,0,2,Yes
2025-04-19,VoltEdge Charger,0,20,20,0,2,Yes
2025-04-19,VoltEdge Power Bank,0,10,10,0,4,Yes
2025-04-20,VoltEdge Case,0,33,31,2,0,No
2025-04-20,VoltEdge Charger,0,24,18,6,0,No
2025-04-20,VoltEdge Power Bank,0,11,11,0,2,Yes
2025-04-21,VoltEdge Case,2,38,32,8,0,No
2025-04-21,VoltEdge Charger,6,5,11,0,9,Yes
2025-04-21,VoltEdge Power Bank,0,9,9,0,5,Yes
2025-04-22,VoltEdge Case,8,39,42,5,0,No
2025-04-22,VoltEdge Charger,0,20,20,0,2,Yes
2025-04-22,VoltEdge Power Bank,0,1,1,0,10,Yes
2025-04-23,VoltEdge Case,5,35,38,2,0,No
2025-04-23,VoltEdge Charger,0,21,19,2,0,No
2025-04-23,VoltEdge Power Bank,0,9,9,0,1,Yes
2025-04-24,VoltEdge Case,2,32,34,0,1,Yes
2025-04-24,VoltEdge Charger,2,21,21,2,0,No
2025-04-24,VoltEdge Power Bank,0,2,2,0,9,Yes
2025-04-25,VoltEdge Case,0,32,31,1,0,No
2025-04-25,VoltEdge Charger,2,21,23,0,1,Yes
2025-04-25,VoltEdge Power Bank,0,11,11,0,1,Yes
2025-04-26,VoltEdge Case,1,33,34,0,0,Yes
2025-04-26,VoltEdge Charger,0,20,20,0,1,Yes
2025-04-26,VoltEdge Power Bank,0,1,1,0,9,Yes
2025-04-27,VoltEdge Case,0,33,33,0,0,Yes
2025-04-27,VoltEdge Charger,0,25,23,2,0,No
2025-04-27,VoltEdge Power Bank,0,0,0,0,14,Yes
2025-04-28,VoltEdge Case,0,5,5,0,29,Yes
2025-04-28,VoltEdge Charger,2,25,24,3,0,No
2025-04-28,VoltEdge Power Bank,0,10,10,0,3,Yes
2025-04-29,VoltEdge Case,0,32,30,2,0,No
2025-04-29,VoltEdge Charger,3,2,5,0,17,Yes
2025-04-29,VoltEdge Power Bank,0,9,9,0,2,Yes
2025-04-30,VoltEdge Case,2,4,6,0,34,Yes
2025-04-30,VoltEdge Charger,0,20,18,2,0,No
2025-04-30,VoltEdge Power Bank,0,10,10,0,2,Yes
2025-05-01,VoltEdge Case,0,33,31,2,0,No
2025-05-01,VoltEdge Charger,2,21,19,4,0,No
2025-05-01,VoltEdge Power Bank,0,10,10,0,2,Yes
2025-05-02,VoltEdge Case,2,38,33,7,0,No
2025-05-02,VoltEdge Charger,4,22,20,6,0,No
2025-05-02,VoltEdge Power Bank,0,10,10,0,2,Yes
2025-05-03,VoltEdge Case,7,36,41,2,0,No
2025-05-03,VoltEdge Charger,6,25,23,8,0,No
2025-05-03,VoltEdge Power Bank,0,9,9,0,2,Yes
2025-05-04,VoltEdge Case,2,33,30,5,0,No
2025-05-04,VoltEdge Charger,8,24,25,7,0,No
2025-05-04,VoltEdge Power Bank,0,11,11,0,0,Yes
2025-05-05,VoltEdge Case,5,7,12,0,27,Yes
2025-05-05,VoltEdge Charger,7,23,23,7,0,No
2025-05-05,VoltEdge Power Bank,0,1,1,0,13,Yes
2025-05-06,VoltEdge Case,0,9,9,0,22,Yes
2025-05-06,VoltEdge Charger,7,22,26,3,0,No
2025-05-06,VoltEdge Power Bank,0,11,10,1,0,No
2025-05-07,VoltEdge Case,0,32,32,0,2,Yes
2025-05-07,VoltEdge Charger,3,20,20,3,0,No
2025-05-07,VoltEdge Power Bank,1,9,10,0,1,Yes
2025-05-08,VoltEdge Case,0,35,31,4,0,No
2025-05-08,VoltEdge Charger,3,20,23,0,0,Yes
2025-05-08,VoltEdge Power Bank,0,11,10,1,0,No
2025-05-09,VoltEdge Case,4,32,36,0,2,Yes
2025-05-09,VoltEdge Charger,0,21,21,0,1,Yes
2025-05-09,VoltEdge Power Bank,1,9,10,0,3,Yes
2025-05-10,VoltEdge Case,0,36,36,0,0,Yes
2025-05-10,VoltEdge Charger,0,20,19,1,0,No
2025-05-10,VoltEdge Power Bank,0,0,0,0,12,Yes
2025-05-11,VoltEdge Case,0,32,29,3,0,No
2025-05-11,VoltEdge Charger,1,20,19,2,0,No
2025-05-11,VoltEdge Power Bank,0,2,2,0,12,Yes
2025-05-12,VoltEdge Case,3,1,4,0,29,Yes
2025-05-12,VoltEdge Charger,2,25,26,1,0,No
2025-05-12,VoltEdge Power Bank,0,10,10,0,1,Yes
2025-05-13,VoltEdge Case,0,33,33,0,0,Yes
2025-05-13,VoltEdge Charger,1,3,4,0,16,Yes
2025-05-13,VoltEdge Power Bank,0,9,9,0,3,Yes
2025-05-14,VoltEdge Case,0,37,34,3,0,No
2025-05-14,VoltEdge Charger,0,22,22,0,0,Yes
2025-05-14,VoltEdge Power Bank,0,9,9,0,2,Yes
2025-05-15,VoltEdge Case,3,38,37,4,0,No
2025-05-15,VoltEdge Charger,0,21,20,1,0,No
2025-05-15,VoltEdge Power Bank,0,9,9,0,4,Yes
2025-05-16,VoltEdge Case,4,36,37,3,0,No
2025-05-16,VoltEdge Charger,1,3,4,0,15,Yes
2025-05-16,VoltEdge Power Bank,0,0,0,0,11,Yes
2025-05-17,VoltEdge Case,3,5,8,0,22,Yes
2025-05-17,VoltEdge Charger,0,3,3,0,19,Yes
2025-05-17,VoltEdge Power Bank,0,0,0,0,10,Yes
2025-05-18,VoltEdge Case,0,36,35,1,0,No
2025-05-18,VoltEdge Charger,0,21,21,0,4,Yes
2025-05-18,VoltEdge Power Bank,0,9,9,0,3,Yes
2025-05-19,VoltEdge Case,1,35,29,7,0,No
2025-05-19,VoltEdge Charger,0,25,24,1,0,No
2025-05-19,VoltEdge Power Bank,0,11,11,0,1,Yes
2025-05-20,VoltEdge Case,7,37,37,7,0,No
2025-05-20,VoltEdge Charger,1,20,21,0,1,Yes
2025-05-20,VoltEdge Power Bank,0,9,9,0,1,Yes
2025-05-21,VoltEdge Case,7,37,35,9,0,No
2025-05-21,VoltEdge Charger,0,24,19,5,0,No
2025-05-21,VoltEdge Power Bank,0,9,9,0,4,Yes
2025-05-22,VoltEdge Case,9,37,32,14,0,No
2025-05-22,VoltEdge Charger,5,24,21,8,0,No
2025-05-22,VoltEdge Power Bank,0,1,1,0,12,Yes
2025-05-23,VoltEdge Case,14,32,35,11,0,No
2025-05-23,VoltEdge Charger,8,21,22,7,0,No
2025-05-23,VoltEdge Power Bank,0,1,1,0,12,Yes
2025-05-24,VoltEdge Case,11,10,21,0,13,Yes
2025-05-24,VoltEdge Charger,7,25,23,9,0,No
2025-05-24,VoltEdge Power Bank,0,11,11,0,2,Yes
2025-05-25,VoltEdge Case,0,36,30,6,0,No
2025-05-25,VoltEdge Charger,9,23,23,9,0,No
2025-05-25,VoltEdge Power Bank,0,1,1,0,12,Yes
2025-05-26,VoltEdge Case,6,8,14,0,25,Yes
2025-05-26,VoltEdge Charger,9,6,15,0,4,Yes
2025-05-26,VoltEdge Power Bank,0,11,11,0,3,Yes
2025-05-27,VoltEdge Case,0,33,33,0,4,Yes
2025-05-27,VoltEdge Charger,0,24,20,4,0,No
2025-05-27,VoltEdge Power Bank,0,1,1,0,11,Yes
2025-05-28,VoltEdge Case,0,37,36,1,0,No
2025-05-28,VoltEdge Charger,4,2,6,0,18,Yes
2025-05-28,VoltEdge Power Bank,0,11,11,0,1,Yes
2025-05-29,VoltEdge Case,1,38,30,9,0,No
2025-05-29,VoltEdge Charger,0,23,23,0,1,Yes
2025-05-29,VoltEdge Power Bank,0,9,9,0,3,Yes
2025-05-30,VoltEdge Case,9,38,37,10,0,No
2025-05-30,VoltEdge Charger,0,23,20,3,0,No
2025-05-30,VoltEdge Power Bank,0,3,3,0,11,Yes
2025-05-31,VoltEdge Case,10,39,28,21,0,No
2025-05-31,VoltEdge Charger,3,23,26,0,0,Yes
2025-05-31,VoltEdge Power Bank,0,0,0,0,11,Yes
2025-06-01,VoltEdge Case,21,33,32,22,0,No
2025-06-01,VoltEdge Charger,0,20,20,0,5,Yes
2025-06-01,VoltEdge Power Bank,0,0,0,0,11,Yes
2025-06-02,VoltEdge Case,22,33,35,20,0,No
2025-06-02,VoltEdge Charger,0,21,21,0,1,Yes
2025-06-02,VoltEdge Power Bank,0,11,11,0,1,Yes
2025-06-03,VoltEdge Case,20,1,21,0,18,Yes
2025-06-03,VoltEdge Charger,0,24,23,1,0,No
2025-06-03,VoltEdge Power Bank,0,2,2,0,10,Yes
2025-06-04,VoltEdge Case,0,1,1,0,40,Yes
2025-06-04,VoltEdge Charger,1,6,7,0,12,Yes
2025-06-04,VoltEdge Power Bank,0,11,11,0,1,Yes
2025-06-05,VoltEdge Case,0,4,4,0,26,Yes
2025-06-05,VoltEdge Charger,0,25,18,7,0,No
2025-06-05,VoltEdge Power Bank,0,11,11,0,3,Yes
2025-06-06,VoltEdge Case,0,38,38,0,0,Yes
2025-06-06,VoltEdge Charger,7,25,22,10,0,No
2025-06-06,VoltEdge Power Bank,0,10,10,0,3,Yes
2025-06-07,VoltEdge Case,0,38,38,0,2,Yes
2025-06-07,VoltEdge Charger,10,2,12,0,11,Yes
2025-06-07,VoltEdge Power Bank,0,10,10,0,1,Yes
2025-06-08,VoltEdge Case,0,35,33,2,0,No
2025-06-08,VoltEdge Charger,0,0,0,0,22,Yes
2025-06-08,VoltEdge Power Bank,0,10,10,0,3,Yes
2025-06-09,VoltEdge Case,2,36,28,10,0,No
2025-06-09,VoltEdge Charger,0,5,5,0,19,Yes
2025-06-09,VoltEdge Power Bank,0,0,0,0,13,Yes
2025-06-10,VoltEdge Case,10,34,29,15,0,No
2025-06-10,VoltEdge Charger,0,22,22,0,3,Yes
2025-06-10,VoltEdge Power Bank,0,11,10,1,0,No
2025-06-11,VoltEdge Case,15,38,40,13,0,No
2025-06-11,VoltEdge Charger,0,23,19,4,0,No
2025-06-11,VoltEdge Power Bank,1,1,2,0,8,Yes
2025-06-12,VoltEdge Case,13,35,31,17,0,No
2025-06-12,VoltEdge Charger,4,23,23,4,0,No
2025-06-12,VoltEdge Power Bank,0,11,11,0,1,Yes
2025-06-13,VoltEdge Case,17,33,28,22,0,No
2025-06-13,VoltEdge Charger,4,1,5,0,19,Yes
2025-06-13,VoltEdge Power Bank,0,9,9,0,5,Yes
2025-06-14,VoltEdge Case,22,34,35,21,0,No
2025-06-14,VoltEdge Charger,0,25,23,2,0,No
2025-06-14,VoltEdge Power Bank,0,2,2,0,12,Yes
2025-06-15,VoltEdge Case,21,34,39,16,0,No
2025-06-15,VoltEdge Charger,2,2,4,0,15,Yes
2025-06-15,VoltEdge Power Bank,0,9,9,0,5,Yes
2025-06-16,VoltEdge Case,16,39,28,27,0,No
2025-06-16,VoltEdge Charger,0,24,24,0,0,Yes
2025-06-16,VoltEdge Power Bank,0,10,10,0,1,Yes
2025-06-17,VoltEdge Case,27,32,39,20,0,No
2025-06-17,VoltEdge Charger,0,25,18,7,0,No
2025-06-17,VoltEdge Power Bank,0,10,10,0,0,Yes
2025-06-18,VoltEdge Case,20,38,33,25,0,No
2025-06-18,VoltEdge Charger,7,21,26,2,0,No
2025-06-18,VoltEdge Power Bank,0,1,1,0,9,Yes
2025-06-19,VoltEdge Case,25,33,33,25,0,No
2025-06-19,VoltEdge Charger,2,22,20,4,0,No
2025-06-19,VoltEdge Power Bank,0,9,9,0,1,Yes
2025-06-20,VoltEdge Case,25,32,33,24,0,No
2025-06-20,VoltEdge Charger,4,1,5,0,16,Yes
2025-06-20,VoltEdge Power Bank,0,10,10,0,3,Yes
2025-06-21,VoltEdge Case,24,35,38,21,0,No
2025-06-21,VoltEdge Charger,0,24,23,1,0,No
2025-06-21,VoltEdge Power Bank,0,2,2,0,9,Yes
2025-06-22,VoltEdge Case,21,35,31,25,0,No
2025-06-22,VoltEdge Charger,1,6,7,0,13,Yes
2025-06-22,VoltEdge Power Bank,0,10,10,0,4,Yes
2025-06-23,VoltEdge Case,25,33,33,25,0,No
2025-06-23,VoltEdge Charger,0,22,22,0,3,Yes
2025-06-23,VoltEdge Power Bank,0,10,10,0,2,Yes
2025-06-24,VoltEdge Case,25,37,31,31,0,No
2025-06-24,VoltEdge Charger,0,24,21,3,0,No
2025-06-24,VoltEdge Power Bank,0,9,9,0,2,Yes
2025-06-25,VoltEdge Case,31,34,38,27,0,No
2025-06-25,VoltEdge Charger,3,0,3,0,23,Yes
2025-06-25,VoltEdge Power Bank,0,9,9,0,4,Yes
2025-06-26,VoltEdge Case,27,34,33,28,0,No
2025-06-26,VoltEdge Charger,0,24,24,0,0,Yes
2025-06-26,VoltEdge Power Bank,0,0,0,0,14,Yes
2025-06-27,VoltEdge Case,28,2,30,0,3,Yes
2025-06-27,VoltEdge Charger,0,22,22,0,1,Yes
2025-06-27,VoltEdge Power Bank,0,11,11,0,0,Yes
2025-06-28,VoltEdge Case,0,34,34,0,2,Yes
2025-06-28,VoltEdge Charger,0,24,21,3,0,No
2025-06-28,VoltEdge Power Bank,0,11,10,1,0,No
2025-06-29,VoltEdge Case,0,38,29,9,0,No
2025-06-29,VoltEdge Charger,3,24,22,5,0,No
2025-06-29,VoltEdge Power Bank,1,0,1,0,11,Yes
2025-06-30,VoltEdge Case,9,32,33,8,0,No
2025-06-30,VoltEdge Charger,5,22,25,2,0,No
2025-06-30,VoltEdge Power Bank,0,10,10,0,2,Yes
2025-07-01,VoltEdge Case,8,35,37,6,0,No
2025-07-01,VoltEdge Charger,2,25,26,1,0,No
2025-07-01,VoltEdge Power Bank,0,11,10,1,0,No
2025-07-02,VoltEdge Case,6,33,35,4,0,No
2025-07-02,VoltEdge Charger,1,25,21,5,0,No
2025-07-02,VoltEdge Power Bank,1,9,10,0,4,Yes
2025-07-03,VoltEdge Case,4,37,38,3,0,No
2025-07-03,VoltEdge Charger,5,25,19,11,0,No
2025-07-03,VoltEdge Power Bank,0,9,9,0,1,Yes
2025-07-04,VoltEdge Case,3,33,36,0,2,Yes
2025-07-04,VoltEdge Charger,11,21,26,6,0,No
2025-07-04,VoltEdge Power Bank,0,11,11,0,3,Yes
2025-07-05,VoltEdge Case,0,37,37,0,0,Yes
2025-07-05,VoltEdge Charger,6,3,9,0,13,Yes
2025-07-05,VoltEdge Power Bank,0,10,10,0,0,Yes
2025-07-06,VoltEdge Case,0,37,30,7,0,No
2025-07-06,VoltEdge Charger,0,23,19,4,0,No
2025-07-06,VoltEdge Power Bank,0,9,9,0,5,Yes
2025-07-07,VoltEdge Case,7,33,32,8,0,No
2025-07-07,VoltEdge Charger,4,22,21,5,0,No
2025-07-07,VoltEdge Power Bank,0,11,10,1,0,No
2025-07-08,VoltEdge Case,8,38,30,16,0,No
2025-07-08,VoltEdge Charger,5,22,24,3,0,No
2025-07-08,VoltEdge Power Bank,1,11,11,1,0,No
2025-07-09,VoltEdge Case,16,36,34,18,0,No
2025-07-09,VoltEdge Charger,3,1,4,0,21,Yes
2025-07-09,VoltEdge Power Bank,1,9,10,0,1,Yes
2025-07-10,VoltEdge Case,18,4,22,0,17,Yes
2025-07-10,VoltEdge Charger,0,24,20,4,0,No
2025-07-10,VoltEdge Power Bank,0,9,9,0,4,Yes
2025-07-11,VoltEdge Case,0,34,33,1,0,No
2025-07-11,VoltEdge Charger,4,25,23,6,0,No
2025-07-11,VoltEdge Power Bank,0,10,10,0,3,Yes
2025-07-12,VoltEdge Case,1,35,36,0,3,Yes
2025-07-12,VoltEdge Charger,6,21,20,7,0,No
2025-07-12,VoltEdge Power Bank,0,9,9,0,5,Yes
2025-07-13,VoltEdge Case,0,35,35,0,1,Yes
2025-07-13,VoltEdge Charger,7,23,25,5,0,No
2025-07-13,VoltEdge Power Bank,0,9,9,0,4,Yes
2025-07-14,VoltEdge Case,0,35,34,1,0,No
2025-07-14,VoltEdge Charger,5,5,10,0,14,Yes
2025-07-14,VoltEdge Power Bank,0,9,9,0,2,Yes
2025-07-15,VoltEdge Case,1,38,29,10,0,No
2025-07-15,VoltEdge Charger,0,0,0,0,24,Yes
2025-07-15,VoltEdge Power Bank,0,11,11,0,2,Yes
2025-07-16,VoltEdge Case,10,38,37,11,0,No
2025-07-16,VoltEdge Charger,0,21,19,2,0,No
2025-07-16,VoltEdge Power Bank,0,2,2,0,10,Yes
2025-07-17,VoltEdge Case,11,34,30,15,0,No
2025-07-17,VoltEdge Charger,2,25,20,7,0,No
2025-07-17,VoltEdge Power Bank,0,9,9,0,4,Yes
2025-07-18,VoltEdge Case,15,9,24,0,7,Yes
2025-07-18,VoltEdge Charger,7,21,21,7,0,No
2025-07-18,VoltEdge Power Bank,0,11,11,0,1,Yes
2025-07-19,VoltEdge Case,0,39,37,2,0,No
2025-07-19,VoltEdge Charger,7,25,20,12,0,No
2025-07-19,VoltEdge Power Bank,0,0,0,0,11,Yes
2025-07-20,VoltEdge Case,2,36,30,8,0,No
2025-07-20,VoltEdge Charger,12,20,26,6,0,No
2025-07-20,VoltEdge Power Bank,0,2,2,0,11,Yes
2025-07-21,VoltEdge Case,8,36,36,8,0,No
2025-07-21,VoltEdge Charger,6,3,9,0,14,Yes
2025-07-21,VoltEdge Power Bank,0,10,10,0,0,Yes
2025-07-22,VoltEdge Case,8,2,10,0,28,Yes
2025-07-22,VoltEdge Charger,0,20,20,0,3,Yes
2025-07-22,VoltEdge Power Bank,0,0,0,0,12,Yes
2025-07-23,VoltEdge Case,0,37,31,6,0,No
2025-07-23,VoltEdge Charger,0,4,4,0,22,Yes
2025-07-23,VoltEdge Power Bank,0,2,2,0,9,Yes
2025-07-24,VoltEdge Case,6,0,6,0,32,Yes
2025-07-24,VoltEdge Charger,0,24,24,0,0,Yes
2025-07-24,VoltEdge Power Bank,0,9,9,0,4,Yes
2025-07-25,VoltEdge Case,0,35,35,0,3,Yes
2025-07-25,VoltEdge Charger,0,20,20,0,3,Yes
2025-07-25,VoltEdge Power Bank,0,10,10,0,1,Yes
2025-07-26,VoltEdge Case,0,34,34,0,0,Yes
2025-07-26,VoltEdge Charger,0,23,23,0,1,Yes
2025-07-26,VoltEdge Power Bank,0,10,10,0,3,Yes
2025-07-27,VoltEdge Case,0,4,4,0,32,Yes
2025-07-27,VoltEdge Charger,0,21,21,0,1,Yes
2025-07-27,VoltEdge Power Bank,0,2,2,0,8,Yes
2025-07-28,VoltEdge Case,0,38,36,2,0,No
2025-07-28,VoltEdge Charger,0,25,18,7,0,No
2025-07-28,VoltEdge Power Bank,0,11,10,1,0,No
2025-07-29,VoltEdge Case,2,33,35,0,7,Yes
2025-07-29,VoltEdge Charger,7,23,24,6,0,No
2025-07-29,VoltEdge Power Bank,1,1,2,0,9,Yes
2025-07-30,VoltEdge Case,0,37,37,0,5,Yes
2025-07-30,VoltEdge Charger,6,1,7,0,16,Yes
2025-07-30,VoltEdge Power Bank,0,0,0,0,10,Yes
2025-07-31,VoltEdge Case,0,33,33,0,6,Yes
2025-07-31,VoltEdge Charger,0,22,18,4,0,No
2025-07-31,VoltEdge Power Bank,0,11,11,0,1,Yes
2025-08-01,VoltEdge Case,0,7,7,0,29,Yes
2025-08-01,VoltEdge Charger,4,21,23,2,0,No
2025-08-01,VoltEdge Power Bank,0,9,9,0,1,Yes
2025-08-02,VoltEdge Case,0,38,38,0,1,Yes
2025-08-02,VoltEdge Charger,2,21,22,1,0,No
2025-08-02,VoltEdge Power Bank,0,9,9,0,3,Yes
2025-08-03,VoltEdge Case,0,39,29,10,0,No
2025-08-03,VoltEdge Charger,1,24,22,3,0,No
2025-08-03,VoltEdge Power Bank,0,2,2,0,12,Yes
2025-08-04,VoltEdge Case,10,6,16,0,13,Yes
2025-08-04,VoltEdge Charger,3,23,23,3,0,No
2025-08-04,VoltEdge Power Bank,0,9,9,0,5,Yes
2025-08-05,VoltEdge Case,0,6,6,0,33,Yes
2025-08-05,VoltEdge Charger,3,24,23,4,0,No
2025-08-05,VoltEdge Power Bank,0,9,9,0,1,Yes
2025-08-06,VoltEdge Case,0,37,30,7,0,No
2025-08-06,VoltEdge Charger,4,24,20,8,0,No
2025-08-06,VoltEdge Power Bank,0,0,0,0,14,Yes
2025-08-07,VoltEdge Case,7,38,40,5,0,No
2025-08-07,VoltEdge Charger,8,24,26,6,0,No
2025-08-07,VoltEdge Power Bank,0,11,11,0,2,Yes
2025-08-08,VoltEdge Case,5,35,40,0,1,Yes
2025-08-08,VoltEdge Charger,6,22,25,3,0,No
2025-08-08,VoltEdge Power Bank,0,9,9,0,1,Yes
2025-08-09,VoltEdge Case,0,34,34,0,0,Yes
2025-08-09,VoltEdge Charger,3,23,25,1,0,No
2025-08-09,VoltEdge Power Bank,0,11,11,0,2,Yes
2025-08-10,VoltEdge Case,0,32,29,3,0,No
2025-08-10,VoltEdge Charger,1,0,1,0,25,Yes
2025-08-10,VoltEdge Power Bank,0,9,9,0,3,Yes
2025-08-11,VoltEdge Case,3,39,28,14,0,No
2025-08-11,VoltEdge Charger,0,24,22,2,0,No
2025-08-11,VoltEdge Power Bank,0,11,10,1,0,No
2025-08-12,VoltEdge Case,14,37,39,12,0,No
2025-08-12,VoltEdge Charger,2,2,4,0,15,Yes
2025-08-12,VoltEdge Power Bank,1,10,11,0,0,Yes
2025-08-13,VoltEdge Case,12,33,37,8,0,No
2025-08-13,VoltEdge Charger,0,21,19,2,0,No
2025-08-13,VoltEdge Power Bank,0,11,10,1,0,No
2025-08-14,VoltEdge Case,8,33,40,1,0,No
2025-08-14,VoltEdge Charger,2,25,24,3,0,No
2025-08-14,VoltEdge Power Bank,1,11,10,2,0,No
2025-08-15,VoltEdge Case,1,34,35,0,3,Yes
2025-08-15,VoltEdge Charger,3,22,23,2,0,No
2025-08-15,VoltEdge Power Bank,2,9,11,0,3,Yes
2025-08-16,VoltEdge Case,0,37,37,0,0,Yes
2025-08-16,VoltEdge Charger,2,2,4,0,20,Yes
2025-08-16,VoltEdge Power Bank,0,9,9,0,4,Yes
2025-08-17,VoltEdge Case,0,34,34,0,3,Yes
2025-08-17,VoltEdge Charger,0,23,20,3,0,No
2025-08-17,VoltEdge Power Bank,0,10,10,0,3,Yes
2025-08-18,VoltEdge Case,0,35,35,0,1,Yes
2025-08-18,VoltEdge Charger,3,23,26,0,0,Yes
2025-08-18,VoltEdge Power Bank,0,10,10,0,1,Yes
2025-08-19,VoltEdge Case,0,37,37,0,4,Yes
2025-08-19,VoltEdge Charger,0,0,0,0,22,Yes
2025-08-19,VoltEdge Power Bank,0,11,10,1,0,No
2025-08-20,VoltEdge Case,0,39,35,4,0,No
2025-08-20,VoltEdge Charger,0,22,22,0,3,Yes
2025-08-20,VoltEdge Power Bank,1,11,12,0,2,Yes
2025-08-21,VoltEdge Case,4,36,29,11,0,No
2025-08-21,VoltEdge Charger,0,25,20,5,0,No
2025-08-21,VoltEdge Power Bank,0,9,9,0,5,Yes
2025-08-22,VoltEdge Case,11,1,12,0,24,Yes
2025-08-22,VoltEdge Charger,5,6,11,0,15,Yes
2025-08-22,VoltEdge Power Bank,0,11,11,0,1,Yes
2025-08-23,VoltEdge Case,0,33,28,5,0,No
2025-08-23,VoltEdge Charger,0,21,21,0,3,Yes
2025-08-23,VoltEdge Power Bank,0,10,10,0,1,Yes
2025-08-24,VoltEdge Case,5,39,36,8,0,No
2025-08-24,VoltEdge Charger,0,23,23,0,3,Yes
2025-08-24,VoltEdge Power Bank,0,1,1,0,12,Yes
2025-08-25,VoltEdge Case,8,33,36,5,0,No
2025-08-25,VoltEdge Charger,0,24,24,0,1,Yes
2025-08-25,VoltEdge Power Bank,0,10,10,0,1,Yes
2025-08-26,VoltEdge Case,5,2,7,0,34,Yes
2025-08-26,VoltEdge Charger,0,21,19,2,0,No
2025-08-26,VoltEdge Power Bank,0,9,9,0,4,Yes
2025-08-27,VoltEdge Case,0,35,35,0,6,Yes
2025-08-27,VoltEdge Charger,2,22,20,4,0,No
2025-08-27,VoltEdge Power Bank,0,11,11,0,0,Yes
2025-08-28,VoltEdge Case,0,9,9,0,21,Yes
2025-08-28,VoltEdge Charger,4,20,21,3,0,No
2025-08-28,VoltEdge Power Bank,0,9,9,0,3,Yes
2025-08-29,VoltEdge Case,0,4,4,0,28,Yes
2025-08-29,VoltEdge Charger,3,24,21,6,0,No
2025-08-29,VoltEdge Power Bank,0,10,10,0,0,Yes
2025-08-30,VoltEdge Case,0,33,28,5,0,No
2025-08-30,VoltEdge Charger,6,0,6,0,12,Yes
2025-08-30,VoltEdge Power Bank,0,0,0,0,11,Yes
2025-08-31,VoltEdge Case,5,1,6,0,23,Yes
2025-08-31,VoltEdge Charger,0,24,21,3,0,No
2025-08-31,VoltEdge Power Bank,0,11,11,0,2,Yes
2025-09-01,VoltEdge Case,0,38,32,6,0,No
2025-09-01,VoltEdge Charger,3,24,22,5,0,No
2025-09-01,VoltEdge Power Bank,0,10,10,0,3,Yes
2025-09-02,VoltEdge Case,6,2,8,0,22,Yes
2025-09-02,VoltEdge Charger,5,24,20,9,0,No
2025-09-02,VoltEdge Power Bank,0,11,11,0,1,Yes
2025-09-03,VoltEdge Case,0,39,39,0,0,Yes
2025-09-03,VoltEdge Charger,9,25,21,13,0,No
2025-09-03,VoltEdge Power Bank,0,10,10,0,4,Yes
2025-09-04,VoltEdge Case,0,33,33,0,3,Yes
2025-09-04,VoltEdge Charger,13,24,21,16,0,No
2025-09-04,VoltEdge Power Bank,0,11,11,0,2,Yes
2025-09-05,VoltEdge Case,0,35,35,0,6,Yes
2025-09-05,VoltEdge Charger,16,25,18,23,0,No
2025-09-05,VoltEdge Power Bank,0,9,9,0,2,Yes
2025-09-06,VoltEdge Case,0,37,37,0,4,Yes
2025-09-06,VoltEdge Charger,23,20,19,24,0,No
2025-09-06,VoltEdge Power Bank,0,10,10,0,1,Yes
2025-09-07,VoltEdge Case,0,38,38,0,0,Yes
2025-09-07,VoltEdge Charger,24,22,18,28,0,No
2025-09-07,VoltEdge Power Bank,0,9,9,0,3,Yes
2025-09-08,VoltEdge Case,0,1,1,0,35,Yes
2025-09-08,VoltEdge Charger,28,24,21,31,0,No
2025-09-08,VoltEdge Power Bank,0,11,11,0,1,Yes
2025-09-09,VoltEdge Case,0,34,34,0,8,Yes
2025-09-09,VoltEdge Charger,31,1,21,11,0,No
2025-09-09,VoltEdge Power Bank,0,9,9,0,2,Yes
2025-09-10,VoltEdge Case,0,33,33,0,0,Yes
2025-09-10,VoltEdge Charger,11,20,19,12,0,No
2025-09-10,VoltEdge Power Bank,0,11,11,0,3,Yes
2025-09-11,VoltEdge Case,0,35,33,2,0,No
2025-09-11,VoltEdge Charger,12,23,25,10,0,No
2025-09-11,VoltEdge Power Bank,0,0,0,0,12,Yes
2025-09-12,VoltEdge Case,2,34,34,2,0,No
2025-09-12,VoltEdge Charger,10,24,18,16,0,No
2025-09-12,VoltEdge Power Bank,0,0,0,0,13,Yes
2025-09-13,VoltEdge Case,2,34,36,0,3,Yes
2025-09-13,VoltEdge Charger,16,24,25,15,0,No
2025-09-13,VoltEdge Power Bank,0,10,10,0,2,Yes
2025-09-14,VoltEdge Case,0,39,34,5,0,No
2025-09-14,VoltEdge Charger,15,0,15,0,4,Yes
2025-09-14,VoltEdge Power Bank,0,9,9,0,3,Yes
2025-09-15,VoltEdge Case,5,34,34,5,0,No
2025-09-15,VoltEdge Charger,0,25,20,5,0,No
2025-09-15,VoltEdge Power Bank,0,11,10,1,0,No
2025-09-16,VoltEdge Case,5,37,37,5,0,No
2025-09-16,VoltEdge Charger,5,23,21,7,0,No
2025-09-16,VoltEdge Power Bank,1,9,10,0,1,Yes
2025-09-17,VoltEdge Case,5,39,36,8,0,No
2025-09-17,VoltEdge Charger,7,24,25,6,0,No
2025-09-17,VoltEdge Power Bank,0,10,10,0,0,Yes
2025-09-18,VoltEdge Case,8,5,13,0,18,Yes
2025-09-18,VoltEdge Charger,6,22,21,7,0,No
2025-09-18,VoltEdge Power Bank,0,1,1,0,13,Yes
2025-09-19,VoltEdge Case,0,37,37,0,4,Yes
2025-09-19,VoltEdge Charger,7,21,18,10,0,No
2025-09-19,VoltEdge Power Bank,0,10,10,0,1,Yes
2025-09-20,VoltEdge Case,0,3,3,0,31,Yes
2025-09-20,VoltEdge Charger,10,20,19,11,0,No
2025-09-20,VoltEdge Power Bank,0,9,9,0,4,Yes
2025-09-21,VoltEdge Case,0,37,28,9,0,No
2025-09-21,VoltEdge Charger,11,24,23,12,0,No
2025-09-21,VoltEdge Power Bank,0,0,0,0,13,Yes
2025-09-22,VoltEdge Case,9,38,28,19,0,No
2025-09-22,VoltEdge Charger,12,24,20,16,0,No
2025-09-22,VoltEdge Power Bank,0,11,11,0,2,Yes
2025-09-23,VoltEdge Case,19,37,40,16,0,No
2025-09-23,VoltEdge Charger,16,20,19,17,0,No
2025-09-23,VoltEdge Power Bank,0,11,11,0,2,Yes
2025-09-24,VoltEdge Case,16,36,31,21,0,No
2025-09-24,VoltEdge Charger,17,22,24,15,0,No
2025-09-24,VoltEdge Power Bank,0,10,10,0,3,Yes
2025-09-25,VoltEdge Case,21,38,33,26,0,No
2025-09-25,VoltEdge Charger,15,5,20,0,6,Yes
2025-09-25,VoltEdge Power Bank,0,10,10,0,1,Yes
2025-09-26,VoltEdge Case,26,7,30,3,0,No
2025-09-26,VoltEdge Charger,0,20,19,1,0,No
2025-09-26,VoltEdge Power Bank,0,11,11,0,2,Yes
2025-09-27,VoltEdge Case,3,37,37,3,0,No
2025-09-27,VoltEdge Charger,1,4,5,0,21,Yes
2025-09-27,VoltEdge Power Bank,0,9,9,0,2,Yes
2025-09-28,VoltEdge Case,3,39,40,2,0,No
2025-09-28,VoltEdge Charger,0,2,2,0,17,Yes
2025-09-28,VoltEdge Power Bank,0,10,10,0,1,Yes
2025-09-29,VoltEdge Case,2,35,33,4,0,No
2025-09-29,VoltEdge Charger,0,23,21,2,0,No
2025-09-29,VoltEdge Power Bank,0,10,10,0,0,Yes
2025-09-30,VoltEdge Case,4,37,29,12,0,No
2025-09-30,VoltEdge Charger,2,20,18,4,0,No
2025-09-30,VoltEdge Power Bank,0,10,10,0,3,Yes
2025-10-01,VoltEdge Case,12,9,21,0,9,Yes
2025-10-01,VoltEdge Charger,4,22,26,0,0,Yes
2025-10-01,VoltEdge Power Bank,0,11,11,0,0,Yes
2025-10-02,VoltEdge Case,0,38,38,0,3,Yes
2025-10-02,VoltEdge Charger,0,25,24,1,0,No
2025-10-02,VoltEdge Power Bank,0,9,9,0,4,Yes
2025-10-03,VoltEdge Case,0,34,31,3,0,No
2025-10-03,VoltEdge Charger,1,21,22,0,3,Yes
2025-10-03,VoltEdge Power Bank,0,10,10,0,3,Yes
2025-10-04,VoltEdge Case,3,39,32,10,0,No
2025-10-04,VoltEdge Charger,0,24,20,4,0,No
2025-10-04,VoltEdge Power Bank,0,9,9,0,3,Yes
2025-10-05,VoltEdge Case,10,37,40,7,0,No
2025-10-05,VoltEdge Charger,4,25,23,6,0,No
2025-10-05,VoltEdge Power Bank,0,1,1,0,9,Yes
2025-10-06,VoltEdge Case,7,8,15,0,13,Yes
2025-10-06,VoltEdge Charger,6,2,8,0,18,Yes
2025-10-06,VoltEdge Power Bank,0,9,9,0,4,Yes
2025-10-07,VoltEdge Case,0,38,30,8,0,No
2025-10-07,VoltEdge Charger,0,23,20,3,0,No
2025-10-07,VoltEdge Power Bank,0,11,10,1,0,No
2025-10-08,VoltEdge Case,8,9,17,0,21,Yes
2025-10-08,VoltEdge Charger,3,25,25,3,0,No
2025-10-08,VoltEdge Power Bank,1,10,11,0,1,Yes
2025-10-09,VoltEdge Case,0,32,32,0,8,Yes
2025-10-09,VoltEdge Charger,3,24,20,7,0,No
2025-10-09,VoltEdge Power Bank,0,0,0,0,10,Yes
2025-10-10,VoltEdge Case,0,32,31,1,0,No
2025-10-10,VoltEdge Charger,7,25,26,6,0,No
2025-10-10,VoltEdge Power Bank,0,1,1,0,9,Yes
2025-10-11,VoltEdge Case,1,37,35,3,0,No
2025-10-11,VoltEdge Charger,6,24,21,9,0,No
2025-10-11,VoltEdge Power Bank,0,10,10,0,3,Yes
2025-10-12,VoltEdge Case,3,38,36,5,0,No
2025-10-12,VoltEdge Charger,9,1,10,0,10,Yes
2025-10-12,VoltEdge Power Bank,0,10,10,0,2,Yes
2025-10-13,VoltEdge Case,5,36,38,3,0,No
2025-10-13,VoltEdge Charger,0,21,19,2,0,No
2025-10-13,VoltEdge Power Bank,0,11,11,0,3,Yes
2025-10-14,VoltEdge Case,3,39,39,3,0,No
2025-10-14,VoltEdge Charger,2,20,22,0,0,Yes
2025-10-14,VoltEdge Power Bank,0,10,10,0,0,Yes
2025-10-15,VoltEdge Case,3,38,34,7,0,No
2025-10-15,VoltEdge Charger,0,21,21,0,2,Yes
2025-10-15,VoltEdge Power Bank,0,1,1,0,9,Yes
2025-10-16,VoltEdge Case,7,32,39,0,0,Yes
2025-10-16,VoltEdge Charger,0,0,0,0,25,Yes
2025-10-16,VoltEdge Power Bank,0,10,10,0,3,Yes
2025-10-17,VoltEdge Case,0,7,7,0,32,Yes
2025-10-17,VoltEdge Charger,0,21,20,1,0,No
2025-10-17,VoltEdge Power Bank,0,11,10,1,0,No
2025-10-18,VoltEdge Case,0,38,35,3,0,No
2025-10-18,VoltEdge Charger,1,6,7,0,12,Yes
2025-10-18,VoltEdge Power Bank,1,9,10,0,1,Yes
2025-10-19,VoltEdge Case,3,39,31,11,0,No
2025-10-19,VoltEdge Charger,0,23,18,5,0,No
2025-10-19,VoltEdge Power Bank,0,11,10,1,0,No
2025-10-20,VoltEdge Case,11,38,29,20,0,No
2025-10-20,VoltEdge Charger,5,21,21,5,0,No
2025-10-20,VoltEdge Power Bank,1,11,12,0,2,Yes
2025-10-21,VoltEdge Case,20,35,33,22,0,No
2025-10-21,VoltEdge Charger,5,20,19,6,0,No
2025-10-21,VoltEdge Power Bank,0,11,10,1,0,No
2025-10-22,VoltEdge Case,22,39,38,23,0,No
2025-10-22,VoltEdge Charger,6,20,19,7,0,No
2025-10-22,VoltEdge Power Bank,1,9,10,0,4,Yes
2025-10-23,VoltEdge Case,23,1,24,0,6,Yes
2025-10-23,VoltEdge Charger,7,21,23,5,0,No
2025-10-23,VoltEdge Power Bank,0,11,11,0,3,Yes
2025-10-24,VoltEdge Case,0,32,32,0,5,Yes
2025-10-24,VoltEdge Charger,5,21,23,3,0,No
2025-10-24,VoltEdge Power Bank,0,11,11,0,0,Yes
2025-10-25,VoltEdge Case,0,37,35,2,0,No
2025-10-25,VoltEdge Charger,3,23,21,5,0,No
2025-10-25,VoltEdge Power Bank,0,11,11,0,3,Yes
2025-10-26,VoltEdge Case,2,37,38,1,0,No
2025-10-26,VoltEdge Charger,5,1,6,0,18,Yes
2025-10-26,VoltEdge Power Bank,0,0,0,0,14,Yes
2025-10-27,VoltEdge Case,1,36,37,0,4,Yes
2025-10-27,VoltEdge Charger,0,7,7,0,17,Yes
2025-10-27,VoltEdge Power Bank,0,10,10,0,0,Yes
2025-10-28,VoltEdge Case,0,36,34,2,0,No
2025-10-28,VoltEdge Charger,0,25,18,7,0,No
2025-10-28,VoltEdge Power Bank,0,11,11,0,0,Yes
2025-10-29,VoltEdge Case,2,35,29,8,0,No
2025-10-29,VoltEdge Charger,7,6,13,0,11,Yes
2025-10-29,VoltEdge Power Bank,0,11,11,0,1,Yes
2025-10-30,VoltEdge Case,8,38,33,13,0,No
2025-10-30,VoltEdge Charger,0,23,20,3,0,No
2025-10-30,VoltEdge Power Bank,0,10,10,0,1,Yes
2025-10-31,VoltEdge Case,13,32,34,11,0,No
2025-10-31,VoltEdge Charger,3,23,23,3,0,No
2025-10-31,VoltEdge Power Bank,0,11,11,0,2,Yes
2025-11-01,VoltEdge Case,11,32,34,9,0,No
2025-11-01,VoltEdge Charger,3,22,24,1,0,No
2025-11-01,VoltEdge Power Bank,0,0,0,0,12,Yes
2025-11-02,VoltEdge Case,9,35,41,3,0,No
2025-11-02,VoltEdge Charger,1,24,20,5,0,No
2025-11-02,VoltEdge Power Bank,0,9,9,0,4,Yes
2025-11-03,VoltEdge Case,3,32,35,0,1,Yes
2025-11-03,VoltEdge Charger,5,22,25,2,0,No
2025-11-03,VoltEdge Power Bank,0,2,2,0,8,Yes
2025-11-04,VoltEdge Case,0,37,32,5,0,No
2025-11-04,VoltEdge Charger,2,24,26,0,0,Yes
2025-11-04,VoltEdge Power Bank,0,11,11,0,3,Yes
2025-11-05,VoltEdge Case,5,3,8,0,25,Yes
2025-11-05,VoltEdge Charger,0,5,5,0,20,Yes
2025-11-05,VoltEdge Power Bank,0,11,11,0,2,Yes
2025-11-06,VoltEdge Case,0,34,34,0,4,Yes
2025-11-06,VoltEdge Charger,0,23,20,3,0,No
2025-11-06,VoltEdge Power Bank,0,9,9,0,1,Yes
2025-11-07,VoltEdge Case,0,32,32,0,0,Yes
2025-11-07,VoltEdge Charger,3,20,23,0,3,Yes
2025-11-07,VoltEdge Power Bank,0,9,9,0,4,Yes
2025-11-08,VoltEdge Case,0,32,32,0,0,Yes
2025-11-08,VoltEdge Charger,0,21,21,0,1,Yes
2025-11-08,VoltEdge Power Bank,0,11,11,0,1,Yes
2025-11-09,VoltEdge Case,0,36,36,0,0,Yes
2025-11-09,VoltEdge Charger,0,20,20,0,4,Yes
2025-11-09,VoltEdge Power Bank,0,11,11,0,3,Yes
2025-11-10,VoltEdge Case,0,32,32,0,1,Yes
2025-11-10,VoltEdge Charger,0,22,21,1,0,No
2025-11-10,VoltEdge Power Bank,0,11,11,0,0,Yes
2025-11-11,VoltEdge Case,0,38,32,6,0,No
2025-11-11,VoltEdge Charger,1,5,6,0,18,Yes
2025-11-11,VoltEdge Power Bank,0,10,10,0,4,Yes
2025-11-12,VoltEdge Case,6,8,14,0,17,Yes
2025-11-12,VoltEdge Charger,0,21,19,2,0,No
2025-11-12,VoltEdge Power Bank,0,11,10,1,0,No
2025-11-13,VoltEdge Case,0,32,28,4,0,No
2025-11-13,VoltEdge Charger,2,25,18,9,0,No
2025-11-13,VoltEdge Power Bank,1,2,3,0,11,Yes
2025-11-14,VoltEdge Case,4,32,33,3,0,No
2025-11-14,VoltEdge Charger,9,23,23,9,0,No
2025-11-14,VoltEdge Power Bank,0,11,11,0,0,Yes
2025-11-15,VoltEdge Case,3,36,33,6,0,No
2025-11-15,VoltEdge Charger,9,20,22,7,0,No
2025-11-15,VoltEdge Power Bank,0,9,9,0,1,Yes
2025-11-16,VoltEdge Case,6,32,37,1,0,No
2025-11-16,VoltEdge Charger,7,24,26,5,0,No
2025-11-16,VoltEdge Power Bank,0,9,9,0,3,Yes
2025-11-17,VoltEdge Case,1,38,33,6,0,No
2025-11-17,VoltEdge Charger,5,22,23,4,0,No
2025-11-17,VoltEdge Power Bank,0,0,0,0,13,Yes
2025-11-18,VoltEdge Case,6,33,34,5,0,No
2025-11-18,VoltEdge Charger,4,22,19,7,0,No
2025-11-18,VoltEdge Power Bank,0,10,10,0,2,Yes
2025-11-19,VoltEdge Case,5,37,32,10,0,No
2025-11-19,VoltEdge Charger,7,22,25,4,0,No
2025-11-19,VoltEdge Power Bank,0,11,11,0,2,Yes
2025-11-20,VoltEdge Case,10,33,36,7,0,No
2025-11-20,VoltEdge Charger,4,25,21,8,0,No
2025-11-20,VoltEdge Power Bank,0,0,0,0,10,Yes
2025-11-21,VoltEdge Case,7,33,39,1,0,No
2025-11-21,VoltEdge Charger,8,2,10,0,15,Yes
2025-11-21,VoltEdge Power Bank,0,11,11,0,0,Yes
2025-11-22,VoltEdge Case,1,6,7,0,32,Yes
2025-11-22,VoltEdge Charger,0,20,20,0,6,Yes
2025-11-22,VoltEdge Power Bank,0,11,11,0,3,Yes
2025-11-23,VoltEdge Case,0,38,36,2,0,No
2025-11-23,VoltEdge Charger,0,5,5,0,15,Yes
2025-11-23,VoltEdge Power Bank,0,9,9,0,2,Yes
2025-11-24,VoltEdge Case,2,6,8,0,21,Yes
2025-11-24,VoltEdge Charger,0,20,20,0,0,Yes
2025-11-24,VoltEdge Power Bank,0,9,9,0,4,Yes
2025-11-25,VoltEdge Case,0,0,0,0,36,Yes
2025-11-25,VoltEdge Charger,0,23,21,2,0,No
2025-11-25,VoltEdge Power Bank,0,9,9,0,1,Yes
2025-11-26,VoltEdge Case,0,32,30,2,0,No
2025-11-26,VoltEdge Charger,2,21,18,5,0,No
2025-11-26,VoltEdge Power Bank,0,10,10,0,1,Yes
2025-11-27,VoltEdge Case,2,36,37,1,0,No
2025-11-27,VoltEdge Charger,5,25,23,7,0,No
2025-11-27,VoltEdge Power Bank,0,2,2,0,11,Yes
2025-11-28,VoltEdge Case,1,35,36,0,1,Yes
2025-11-28,VoltEdge Charger,7,4,11,0,13,Yes
2025-11-28,VoltEdge Power Bank,0,9,9,0,2,Yes
2025-11-29,VoltEdge Case,0,32,32,0,4,Yes
2025-11-29,VoltEdge Charger,0,4,4,0,15,Yes
2025-11-29,VoltEdge Power Bank,0,11,11,0,0,Yes
2025-11-30,VoltEdge Case,0,10,10,0,29,Yes
2025-11-30,VoltEdge Charger,0,21,21,0,3,Yes
2025-11-30,VoltEdge Power Bank,0,11,11,0,0,Yes
2025-12-01,VoltEdge Case,0,36,32,4,0,No
2025-12-01,VoltEdge Charger,0,20,20,0,3,Yes
2025-12-01,VoltEdge Power Bank,0,1,1,0,9,Yes
2025-12-02,VoltEdge Case,4,38,36,6,0,No
2025-12-02,VoltEdge Charger,0,23,19,4,0,No
2025-12-02,VoltEdge Power Bank,0,11,11,0,1,Yes
2025-12-03,VoltEdge Case,6,35,31,10,0,No
2025-12-03,VoltEdge Charger,4,22,23,3,0,No
2025-12-03,VoltEdge Power Bank,0,9,9,0,5,Yes
2025-12-04,VoltEdge Case,10,32,33,9,0,No
2025-12-04,VoltEdge Charger,3,22,20,5,0,No
2025-12-04,VoltEdge Power Bank,0,11,11,0,3,Yes
2025-12-05,VoltEdge Case,9,34,31,12,0,No
2025-12-05,VoltEdge Charger,5,24,26,3,0,No
2025-12-05,VoltEdge Power Bank,0,10,10,0,3,Yes
2025-12-06,VoltEdge Case,12,34,34,12,0,No
2025-12-06,VoltEdge Charger,3,20,23,0,0,Yes
2025-12-06,VoltEdge Power Bank,0,11,11,0,0,Yes
2025-12-07,VoltEdge Case,12,33,39,6,0,No
2025-12-07,VoltEdge Charger,0,25,21,4,0,No
2025-12-07,VoltEdge Power Bank,0,9,9,0,1,Yes
2025-12-08,VoltEdge Case,6,33,28,11,0,No
2025-12-08,VoltEdge Charger,4,5,9,0,9,Yes
2025-12-08,VoltEdge Power Bank,0,10,10,0,2,Yes
2025-12-09,VoltEdge Case,11,39,33,17,0,No
2025-12-09,VoltEdge Charger,0,21,20,1,0,No
2025-12-09,VoltEdge Power Bank,0,9,9,0,5,Yes
2025-12-10,VoltEdge Case,17,0,17,0,23,Yes
2025-12-10,VoltEdge Charger,1,22,22,1,0,No
2025-12-10,VoltEdge Power Bank,0,9,9,0,5,Yes
2025-12-11,VoltEdge Case,0,37,29,8,0,No
2025-12-11,VoltEdge Charger,1,20,21,0,2,Yes
2025-12-11,VoltEdge Power Bank,0,10,10,0,0,Yes
2025-12-12,VoltEdge Case,8,4,12,0,17,Yes
2025-12-12,VoltEdge Charger,0,20,18,2,0,No
2025-12-12,VoltEdge Power Bank,0,11,11,0,3,Yes
2025-12-13,VoltEdge Case,0,4,4,0,30,Yes
2025-12-13,VoltEdge Charger,2,23,18,7,0,No
2025-12-13,VoltEdge Power Bank,0,11,11,0,2,Yes
2025-12-14,VoltEdge Case,0,35,31,4,0,No
2025-12-14,VoltEdge Charger,7,22,25,4,0,No
2025-12-14,VoltEdge Power Bank,0,10,10,0,2,Yes
2025-12-15,VoltEdge Case,4,39,42,1,0,No
2025-12-15,VoltEdge Charger,4,20,21,3,0,No
2025-12-15,VoltEdge Power Bank,0,9,9,0,1,Yes
2025-12-16,VoltEdge Case,1,33,34,0,1,Yes
2025-12-16,VoltEdge Charger,3,23,20,6,0,No
2025-12-16,VoltEdge Power Bank,0,10,10,0,2,Yes
2025-12-17,VoltEdge Case,0,36,32,4,0,No
2025-12-17,VoltEdge Charger,6,21,26,1,0,No
2025-12-17,VoltEdge Power Bank,0,10,10,0,2,Yes
2025-12-18,VoltEdge Case,4,32,36,0,2,Yes
2025-12-18,VoltEdge Charger,1,20,18,3,0,No
2025-12-18,VoltEdge Power Bank,0,11,11,0,0,Yes
2025-12-19,VoltEdge Case,0,37,33,4,0,No
2025-12-19,VoltEdge Charger,3,25,22,6,0,No
2025-12-19,VoltEdge Power Bank,0,9,9,0,2,Yes
2025-12-20,VoltEdge Case,4,35,37,2,0,No
2025-12-20,VoltEdge Charger,6,25,18,13,0,No
2025-12-20,VoltEdge Power Bank,0,10,10,0,0,Yes
2025-12-21,VoltEdge Case,2,39,41,0,0,Yes
2025-12-21,VoltEdge Charger,13,1,14,0,5,Yes
2025-12-21,VoltEdge Power Bank,0,9,9,0,5,Yes
2025-12-22,VoltEdge Case,0,8,8,0,25,Yes
2025-12-22,VoltEdge Charger,0,25,22,3,0,No
2025-12-22,VoltEdge Power Bank,0,10,10,0,1,Yes
2025-12-23,VoltEdge Case,0,5,5,0,25,Yes
2025-12-23,VoltEdge Charger,3,5,8,0,14,Yes
2025-12-23,VoltEdge Power Bank,0,11,11,0,0,Yes
2025-12-24,VoltEdge Case,0,33,33,0,8,Yes
2025-12-24,VoltEdge Charger,0,20,20,0,5,Yes
2025-12-24,VoltEdge Power Bank,0,11,11,0,0,Yes
2025-12-25,VoltEdge Case,0,8,8,0,26,Yes
2025-12-25,VoltEdge Charger,0,23,19,4,0,No
2025-12-25,VoltEdge Power Bank,0,11,11,0,3,Yes
2025-12-26,VoltEdge Case,0,3,3,0,35,Yes
2025-12-26,VoltEdge Charger,4,25,22,7,0,No
2025-12-26,VoltEdge Power Bank,0,2,2,0,8,Yes
2025-12-27,VoltEdge Case,0,38,38,0,1,Yes
2025-12-27,VoltEdge Charger,7,2,9,0,11,Yes
2025-12-27,VoltEdge Power Bank,0,11,11,0,1,Yes
2025-12-28,VoltEdge Case,0,33,31,2,0,No
2025-12-28,VoltEdge Charger,0,21,21,0,2,Yes
2025-12-28,VoltEdge Power Bank,0,9,9,0,5,Yes
2025-12-29,VoltEdge Case,2,36,38,0,0,Yes
2025-12-29,VoltEdge Charger,0,4,4,0,16,Yes
2025-12-29,VoltEdge Power Bank,0,11,10,1,0,No
2025-12-30,VoltEdge Case,0,32,31,1,0,No
2025-12-30,VoltEdge Charger,0,4,4,0,15,Yes
2025-12-30,VoltEdge Power Bank,1,11,12,0,0,Yes
2025-12-31,VoltEdge Case,1,35,36,0,4,Yes
2025-12-31,VoltEdge Charger,0,22,22,0,3,Yes
2025-12-31,VoltEdge Power Bank,0,11,11,0,1,Yes
2026-01-01,VoltEdge Case,0,34,30,4,0,No
2026-01-01,VoltEdge Charger,0,5,5,0,17,Yes
2026-01-01,VoltEdge Power Bank,0,10,10,0,1,Yes
2026-01-02,VoltEdge Case,4,32,34,2,0,No
2026-01-02,VoltEdge Charger,0,22,18,4,0,No
2026-01-02,VoltEdge Power Bank,0,10,10,0,4,Yes
2026-01-03,VoltEdge Case,2,32,34,0,4,Yes
2026-01-03,VoltEdge Charger,4,22,21,5,0,No
2026-01-03,VoltEdge Power Bank,0,10,10,0,1,Yes
2026-01-04,VoltEdge Case,0,36,29,7,0,No
2026-01-04,VoltEdge Charger,5,22,18,9,0,No
2026-01-04,VoltEdge Power Bank,0,9,9,0,2,Yes
2026-01-05,VoltEdge Case,7,35,41,1,0,No
2026-01-05,VoltEdge Charger,9,22,18,13,0,No
2026-01-05,VoltEdge Power Bank,0,11,11,0,1,Yes
2026-01-06,VoltEdge Case,1,34,35,0,4,Yes
2026-01-06,VoltEdge Charger,13,1,14,0,5,Yes
2026-01-06,VoltEdge Power Bank,0,9,9,0,3,Yes
2026-01-07,VoltEdge Case,0,34,34,0,6,Yes
2026-01-07,VoltEdge Charger,0,22,19,3,0,No
2026-01-07,VoltEdge Power Bank,0,9,9,0,3,Yes
2026-01-08,VoltEdge Case,0,33,30,3,0,No
2026-01-08,VoltEdge Charger,3,23,26,0,0,Yes
2026-01-08,VoltEdge Power Bank,0,2,2,0,11,Yes
2026-01-09,VoltEdge Case,3,33,36,0,1,Yes
2026-01-09,VoltEdge Charger,0,22,22,0,0,Yes
2026-01-09,VoltEdge Power Bank,0,9,9,0,3,Yes
2026-01-10,VoltEdge Case,0,34,34,0,2,Yes
2026-01-10,VoltEdge Charger,0,24,20,4,0,No
2026-01-10,VoltEdge Power Bank,0,10,10,0,1,Yes
2026-01-11,VoltEdge Case,0,6,6,0,34,Yes
2026-01-11,VoltEdge Charger,4,22,18,8,0,No
2026-01-11,VoltEdge Power Bank,0,10,10,0,1,Yes
2026-01-12,VoltEdge Case,0,36,36,0,4,Yes
2026-01-12,VoltEdge Charger,8,22,25,5,0,No
2026-01-12,VoltEdge Power Bank,0,10,10,0,3,Yes
2026-01-13,VoltEdge Case,0,39,39,0,0,Yes
2026-01-13,VoltEdge Charger,5,23,19,9,0,No
2026-01-13,VoltEdge Power Bank,0,9,9,0,2,Yes
2026-01-14,VoltEdge Case,0,34,31,3,0,No
2026-01-14,VoltEdge Charger,9,21,22,8,0,No
2026-01-14,VoltEdge Power Bank,0,9,9,0,4,Yes
2026-01-15,VoltEdge Case,3,35,37,1,0,No
2026-01-15,VoltEdge Charger,8,23,26,5,0,No
2026-01-15,VoltEdge Power Bank,0,1,1,0,9,Yes
2026-01-16,VoltEdge Case,1,37,31,7,0,No
2026-01-16,VoltEdge Charger,5,22,18,9,0,No
2026-01-16,VoltEdge Power Bank,0,11,11,0,1,Yes
2026-01-17,VoltEdge Case,7,4,11,0,21,Yes
2026-01-17,VoltEdge Charger,9,24,20,13,0,No
2026-01-17,VoltEdge Power Bank,0,9,9,0,1,Yes
2026-01-18,VoltEdge Case,0,39,39,0,0,Yes
2026-01-18,VoltEdge Charger,13,24,20,17,0,No
2026-01-18,VoltEdge Power Bank,0,9,9,0,3,Yes
2026-01-19,VoltEdge Case,0,0,0,0,37,Yes
2026-01-19,VoltEdge Charger,17,23,19,21,0,No
2026-01-19,VoltEdge Power Bank,0,10,10,0,1,Yes
2026-01-20,VoltEdge Case,0,32,30,2,0,No
2026-01-20,VoltEdge Charger,21,20,26,15,0,No
2026-01-20,VoltEdge Power Bank,0,10,10,0,4,Yes
2026-01-21,VoltEdge Case,2,35,37,0,0,Yes
2026-01-21,VoltEdge Charger,15,21,21,15,0,No
2026-01-21,VoltEdge Power Bank,0,11,11,0,1,Yes
2026-01-22,VoltEdge Case,0,36,29,7,0,No
2026-01-22,VoltEdge Charger,15,20,21,14,0,No
2026-01-22,VoltEdge Power Bank,0,1,1,0,11,Yes
2026-01-23,VoltEdge Case,7,38,28,17,0,No
2026-01-23,VoltEdge Charger,14,21,26,9,0,No
2026-01-23,VoltEdge Power Bank,0,10,10,0,2,Yes
2026-01-24,VoltEdge Case,17,39,39,17,0,No
2026-01-24,VoltEdge Charger,9,5,14,0,5,Yes
2026-01-24,VoltEdge Power Bank,0,10,10,0,1,Yes
2026-01-25,VoltEdge Case,17,35,38,14,0,No
2026-01-25,VoltEdge Charger,0,4,4,0,22,Yes
2026-01-25,VoltEdge Power Bank,0,10,10,0,3,Yes
2026-01-26,VoltEdge Case,14,34,40,8,0,No
2026-01-26,VoltEdge Charger,0,24,19,5,0,No
2026-01-26,VoltEdge Power Bank,0,11,10,1,0,No
2026-01-27,VoltEdge Case,8,33,40,1,0,No
2026-01-27,VoltEdge Charger,5,25,22,8,0,No
2026-01-27,VoltEdge Power Bank,1,9,10,0,0,Yes
2026-01-28,VoltEdge Case,1,37,32,6,0,No
2026-01-28,VoltEdge Charger,8,21,23,6,0,No
2026-01-28,VoltEdge Power Bank,0,10,10,0,3,Yes
2026-01-29,VoltEdge Case,6,36,22,20,0,No
2026-01-29,VoltEdge Charger,6,23,13,16,0,No
2026-01-29,VoltEdge Power Bank,0,10,9,1,0,No
2026-01-30,VoltEdge Case,20,2,22,0,0,Yes
2026-01-30,VoltEdge Charger,16,25,11,30,0,No
2026-01-30,VoltEdge Power Bank,1,2,3,0,6,Yes
2026-01-31,VoltEdge Case,0,37,17,20,0,No
2026-01-31,VoltEdge Charger,30,4,11,23,0,No
2026-01-31,VoltEdge Power Bank,0,3,3,0,4,Yes
2026-02-01,VoltEdge Case,20,37,20,37,0,No
2026-02-01,VoltEdge Charger,23,0,12,11,0,No
2026-02-01,VoltEdge Power Bank,0,9,8,1,0,No
2026-02-02,VoltEdge Case,37,36,23,50,0,No
2026-02-02,VoltEdge Charger,11,25,15,21,0,No
2026-02-02,VoltEdge Power Bank,1,10,8,3,0,No
2026-02-03,VoltEdge Case,50,38,24,64,0,No
2026-02-03,VoltEdge Charger,21,21,16,26,0,No
2026-02-03,VoltEdge Power Bank,3,10,8,5,0,No
2026-02-04,VoltEdge Case,64,32,20,76,0,No
2026-02-04,VoltEdge Charger,26,25,15,36,0,No
2026-02-04,VoltEdge Power Bank,5,11,9,7,0,No
2026-02-05,VoltEdge Case,76,39,21,94,0,No
2026-02-05,VoltEdge Charger,36,4,11,29,0,No
2026-02-05,VoltEdge Power Bank,7,9,6,10,0,No
2026-02-06,VoltEdge Case,94,38,21,111,0,No
2026-02-06,VoltEdge Charger,29,20,13,36,0,No
2026-02-06,VoltEdge Power Bank,10,9,8,11,0,No
2026-02-07,VoltEdge Case,111,34,22,123,0,No
2026-02-07,VoltEdge Charger,36,21,13,44,0,No
2026-02-07,VoltEdge Power Bank,11,9,7,13,0,No
2026-02-08,VoltEdge Case,123,8,20,111,0,No
2026-02-08,VoltEdge Charger,44,23,15,52,0,No
2026-02-08,VoltEdge Power Bank,13,11,9,15,0,No
2026-02-09,VoltEdge Case,111,32,24,119,0,No
2026-02-09,VoltEdge Charger,52,24,11,65,0,No
2026-02-09,VoltEdge Power Bank,15,9,7,17,0,No
2026-02-10,VoltEdge Case,119,36,17,138,0,No
2026-02-10,VoltEdge Charger,65,24,16,73,0,No
2026-02-10,VoltEdge Power Bank,17,10,7,20,0,No
2026-02-11,VoltEdge Case,138,33,25,146,0,No
2026-02-11,VoltEdge Charger,73,25,11,87,0,No
2026-02-11,VoltEdge Power Bank,20,11,7,24,0,No
2026-02-12,VoltEdge Case,146,37,21,162,0,No
2026-02-12,VoltEdge Charger,87,21,13,95,0,No
2026-02-12,VoltEdge Power Bank,24,11,8,27,0,No
2026-02-13,VoltEdge Case,162,35,24,173,0,No
2026-02-13,VoltEdge Charger,95,24,11,108,0,No
2026-02-13,VoltEdge Power Bank,27,11,8,30,0,No
2026-02-14,VoltEdge Case,173,37,25,185,0,No
2026-02-14,VoltEdge Charger,108,5,15,98,0,No
2026-02-14,VoltEdge Power Bank,30,2,8,24,0,No
2026-02-15,VoltEdge Case,185,8,24,169,0,No
2026-02-15,VoltEdge Charger,98,21,11,108,0,No
2026-02-15,VoltEdge Power Bank,24,10,8,26,0,No
2026-02-16,VoltEdge Case,169,8,19,158,0,No
2026-02-16,VoltEdge Charger,108,25,16,117,0,No
2026-02-16,VoltEdge Power Bank,26,9,7,28,0,No
2026-02-17,VoltEdge Case,158,4,24,138,0,No
2026-02-17,VoltEdge Charger,117,25,15,127,0,No
2026-02-17,VoltEdge Power Bank,28,10,7,31,0,No
2026-02-18,VoltEdge Case,138,39,23,154,0,No
2026-02-18,VoltEdge Charger,127,20,14,133,0,No
2026-02-18,VoltEdge Power Bank,31,9,7,33,0,No
2026-02-19,VoltEdge Case,154,38,21,171,0,No
2026-02-19,VoltEdge Charger,133,24,14,143,0,No
2026-02-19,VoltEdge Power Bank,33,2,8,27,0,No
2026-02-20,VoltEdge Case,171,38,23,186,0,No
2026-02-20,VoltEdge Charger,143,22,12,153,0,No
2026-02-20,VoltEdge Power Bank,27,9,6,30,0,No
2026-02-21,VoltEdge Case,186,35,18,203,0,No
2026-02-21,VoltEdge Charger,153,20,12,161,0,No
2026-02-21,VoltEdge Power Bank,30,10,6,34,0,No
2026-02-22,VoltEdge Case,203,37,17,223,0,No
2026-02-22,VoltEdge Charger,161,21,12,170,0,No
2026-02-22,VoltEdge Power Bank,34,10,8,36,0,No
2026-02-23,VoltEdge Case,223,34,20,237,0,No
2026-02-23,VoltEdge Charger,170,25,12,183,0,No
2026-02-23,VoltEdge Power Bank,36,10,9,37,0,No
2026-02-24,VoltEdge Case,237,36,21,252,0,No
2026-02-24,VoltEdge Charger,183,21,15,189,0,No
2026-02-24,VoltEdge Power Bank,37,10,6,41,0,No
2026-02-25,VoltEdge Case,252,36,21,267,0,No
2026-02-25,VoltEdge Charger,189,23,14,198,0,No
2026-02-25,VoltEdge Power Bank,41,0,8,33,0,No
2026-02-26,VoltEdge Case,267,1,91,177,0,No
2026-02-26,VoltEdge Charger,198,1,57,142,0,No
2026-02-26,VoltEdge Power Bank,33,4,32,5,0,No
2026-02-27,VoltEdge Case,177,18,82,113,0,No
2026-02-27,VoltEdge Charger,142,11,51,102,0,No
2026-02-27,VoltEdge Power Bank,5,4,9,0,22,Yes
2026-02-28,VoltEdge Case,113,19,83,49,0,No
2026-02-28,VoltEdge Charger,102,12,46,68,0,No
2026-02-28,VoltEdge Power Bank,0,5,5,0,30,Yes
2026-03-01,VoltEdge Case,49,18,67,0,32,Yes
2026-03-01,VoltEdge Charger,68,12,49,31,0,No
2026-03-01,VoltEdge Power Bank,0,5,5,0,25,Yes
2026-03-02,VoltEdge Case,0,18,18,0,54,Yes
2026-03-02,VoltEdge Charger,31,11,42,0,12,Yes
2026-03-02,VoltEdge Power Bank,0,4,4,0,21,Yes
2026-03-03,VoltEdge Case,0,1,1,0,79,Yes
2026-03-03,VoltEdge Charger,0,10,10,0,52,Yes
2026-03-03,VoltEdge Power Bank,0,4,4,0,26,Yes
2026-03-04,VoltEdge Case,0,17,17,0,87,Yes
2026-03-04,VoltEdge Charger,0,10,10,0,40,Yes
2026-03-04,VoltEdge Power Bank,0,0,0,0,26,Yes
2026-03-05,VoltEdge Case,0,16,16,0,71,Yes
2026-03-05,VoltEdge Charger,0,10,10,0,48,Yes
2026-03-05,VoltEdge Power Bank,0,0,0,0,27,Yes
2026-03-06,VoltEdge Case,0,17,17,0,82,Yes
2026-03-06,VoltEdge Charger,0,10,10,0,55,Yes
2026-03-06,VoltEdge Power Bank,0,0,0,0,34,Yes
2026-03-07,VoltEdge Case,0,0,0,0,85,Yes
2026-03-07,VoltEdge Charger,0,12,12,0,48,Yes
2026-03-07,VoltEdge Power Bank,0,5,5,0,29,Yes
2026-03-08,VoltEdge Case,0,18,18,0,79,Yes
2026-03-08,VoltEdge Charger,0,10,10,0,45,Yes
2026-03-08,VoltEdge Power Bank,0,5,5,0,27,Yes
2026-03-09,VoltEdge Case,0,0,0,0,71,Yes
2026-03-09,VoltEdge Charger,0,11,11,0,37,Yes
2026-03-09,VoltEdge Power Bank,0,0,0,0,25,Yes
2026-03-10,VoltEdge Case,0,3,3,0,92,Yes
2026-03-10,VoltEdge Charger,0,10,10,0,53,Yes
2026-03-10,VoltEdge Power Bank,0,0,0,0,32,Yes
2026-03-11,VoltEdge Case,0,17,17,0,80,Yes
2026-03-11,VoltEdge Charger,0,0,0,0,51,Yes
2026-03-11,VoltEdge Power Bank,0,5,5,0,20,Yes
2026-03-12,VoltEdge Case,0,38,37,1,0,No
2026-03-12,VoltEdge Charger,0,20,20,0,1,Yes
2026-03-12,VoltEdge Power Bank,0,9,9,0,2,Yes
2026-03-13,VoltEdge Case,1,39,40,0,1,Yes
2026-03-13,VoltEdge Charger,0,0,0,0,21,Yes
2026-03-13,VoltEdge Power Bank,0,10,10,0,2,Yes
2026-03-14,VoltEdge Case,0,38,36,2,0,No
2026-03-14,VoltEdge Charger,0,24,22,2,0,No
2026-03-14,VoltEdge Power Bank,0,2,2,0,11,Yes
2026-03-15,VoltEdge Case,2,38,35,5,0,No
2026-03-15,VoltEdge Charger,2,23,19,6,0,No
2026-03-15,VoltEdge Power Bank,0,10,10,0,3,Yes
2026-03-16,VoltEdge Case,5,32,33,4,0,No
2026-03-16,VoltEdge Charger,6,3,9,0,15,Yes
2026-03-16,VoltEdge Power Bank,0,9,9,0,2,Yes
2026-03-17,VoltEdge Case,4,36,29,11,0,No
2026-03-17,VoltEdge Charger,0,20,20,0,0,Yes
2026-03-17,VoltEdge Power Bank,0,11,10,1,0,No
2026-03-18,VoltEdge Case,11,36,41,6,0,No
2026-03-18,VoltEdge Charger,0,21,21,0,4,Yes
2026-03-18,VoltEdge Power Bank,1,10,11,0,3,Yes
2026-03-19,VoltEdge Case,6,38,41,3,0,No
2026-03-19,VoltEdge Charger,0,25,25,0,1,Yes
2026-03-19,VoltEdge Power Bank,0,10,10,0,2,Yes
2026-03-20,VoltEdge Case,3,36,39,0,2,Yes
2026-03-20,VoltEdge Charger,0,21,21,0,0,Yes
2026-03-20,VoltEdge Power Bank,0,9,9,0,5,Yes
2026-03-21,VoltEdge Case,0,5,5,0,27,Yes
2026-03-21,VoltEdge Charger,0,22,22,0,4,Yes
2026-03-21,VoltEdge Power Bank,0,0,0,0,11,Yes
2026-03-22,VoltEdge Case,0,34,33,1,0,No
2026-03-22,VoltEdge Charger,0,21,18,3,0,No
2026-03-22,VoltEdge Power Bank,0,0,0,0,13,Yes
2026-03-23,VoltEdge Case,1,35,29,7,0,No
2026-03-23,VoltEdge Charger,3,24,25,2,0,No
2026-03-23,VoltEdge Power Bank,0,1,1,0,9,Yes
2026-03-24,VoltEdge Case,7,0,7,0,22,Yes
2026-03-24,VoltEdge Charger,2,20,22,0,1,Yes
2026-03-24,VoltEdge Power Bank,0,0,0,0,14,Yes
2026-03-25,VoltEdge Case,0,39,39,0,3,Yes
2026-03-25,VoltEdge Charger,0,23,18,5,0,No
2026-03-25,VoltEdge Power Bank,0,11,11,0,0,Yes
2026-03-26,VoltEdge Case,0,36,36,0,5,Yes
2026-03-26,VoltEdge Charger,5,23,25,3,0,No
2026-03-26,VoltEdge Power Bank,0,9,9,0,4,Yes
2026-03-27,VoltEdge Case,0,7,7,0,21,Yes
2026-03-27,VoltEdge Charger,3,22,25,0,0,Yes
2026-03-27,VoltEdge Power Bank,0,0,0,0,11,Yes
2026-03-28,VoltEdge Case,0,35,35,0,1,Yes
2026-03-28,VoltEdge Charger,0,23,20,3,0,No
2026-03-28,VoltEdge Power Bank,0,9,9,0,4,Yes
2026-03-29,VoltEdge Case,0,35,35,0,6,Yes
2026-03-29,VoltEdge Charger,3,23,20,6,0,No
2026-03-29,VoltEdge Power Bank,0,11,11,0,2,Yes
2026-03-30,VoltEdge Case,0,34,33,1,0,No
2026-03-30,VoltEdge Charger,6,3,9,0,14,Yes
2026-03-30,VoltEdge Power Bank,0,9,9,0,4,Yes
2026-03-31,VoltEdge Case,1,7,8,0,26,Yes
2026-03-31,VoltEdge Charger,0,23,23,0,0,Yes
2026-03-31,VoltEdge Power Bank,0,11,10,1,0,No
2026-04-01,VoltEdge Case,0,9,9,0,25,Yes
2026-04-01,VoltEdge Charger,0,22,22,0,1,Yes
2026-04-01,VoltEdge Power Bank,1,11,10,2,0,No
2026-04-02,VoltEdge Case,0,6,6,0,30,Yes
2026-04-02,VoltEdge Charger,0,24,21,3,0,No
2026-04-02,VoltEdge Power Bank,2,10,12,0,1,Yes
2026-04-03,VoltEdge Case,0,35,35,0,6,Yes
2026-04-03,VoltEdge Charger,3,25,24,4,0,No
2026-04-03,VoltEdge Power Bank,0,2,2,0,8,Yes
2026-04-04,VoltEdge Case,0,38,38,0,4,Yes
2026-04-04,VoltEdge Charger,4,23,18,9,0,No
2026-04-04,VoltEdge Power Bank,0,1,1,0,11,Yes
2026-04-05,VoltEdge Case,0,8,8,0,25,Yes
2026-04-05,VoltEdge Charger,9,21,18,12,0,No
2026-04-05,VoltEdge Power Bank,0,10,10,0,2,Yes
2026-04-06,VoltEdge Case,0,35,35,0,5,Yes
2026-04-06,VoltEdge Charger,12,21,26,7,0,No
2026-04-06,VoltEdge Power Bank,0,10,10,0,3,Yes
2026-04-07,VoltEdge Case,0,39,28,11,0,No
2026-04-07,VoltEdge Charger,7,2,9,0,16,Yes
2026-04-07,VoltEdge Power Bank,0,0,0,0,10,Yes
2026-04-08,VoltEdge Case,11,38,36,13,0,No
2026-04-08,VoltEdge Charger,0,25,23,2,0,No
2026-04-08,VoltEdge Power Bank,0,10,10,0,0,Yes
2026-04-09,VoltEdge Case,13,3,16,0,19,Yes
2026-04-09,VoltEdge Charger,2,22,21,3,0,No
2026-04-09,VoltEdge Power Bank,0,11,11,0,3,Yes
2026-04-10,VoltEdge Case,0,39,30,9,0,No
2026-04-10,VoltEdge Charger,3,1,4,0,16,Yes
2026-04-10,VoltEdge Power Bank,0,9,9,0,1,Yes
2026-04-11,VoltEdge Case,9,34,37,6,0,No
2026-04-11,VoltEdge Charger,0,20,20,0,5,Yes
2026-04-11,VoltEdge Power Bank,0,10,10,0,4,Yes
2026-04-12,VoltEdge Case,6,32,38,0,3,Yes
2026-04-12,VoltEdge Charger,0,23,23,0,1,Yes
2026-04-12,VoltEdge Power Bank,0,9,9,0,3,Yes
2026-04-13,VoltEdge Case,0,39,30,9,0,No
2026-04-13,VoltEdge Charger,0,20,20,0,1,Yes
2026-04-13,VoltEdge Power Bank,0,11,11,0,1,Yes
2026-04-14,VoltEdge Case,9,3,12,0,22,Yes
2026-04-14,VoltEdge Charger,0,22,22,0,1,Yes
2026-04-14,VoltEdge Power Bank,0,0,0,0,12,Yes
2026-04-15,VoltEdge Case,0,3,3,0,32,Yes
2026-04-15,VoltEdge Charger,0,23,20,3,0,No
2026-04-15,VoltEdge Power Bank,0,10,10,0,1,Yes
2026-04-16,VoltEdge Case,0,37,31,6,0,No
2026-04-16,VoltEdge Charger,3,24,20,7,0,No
2026-04-16,VoltEdge Power Bank,0,10,10,0,4,Yes
2026-04-17,VoltEdge Case,6,2,8,0,21,Yes
2026-04-17,VoltEdge Charger,7,21,20,8,0,No
2026-04-17,VoltEdge Power Bank,0,10,10,0,1,Yes
2026-04-18,VoltEdge Case,0,32,32,0,1,Yes
2026-04-18,VoltEdge Charger,8,21,19,10,0,No
2026-04-18,VoltEdge Power Bank,0,11,11,0,2,Yes
2026-04-19,VoltEdge Case,0,6,6,0,32,Yes
2026-04-19,VoltEdge Charger,10,5,15,0,11,Yes
2026-04-19,VoltEdge Power Bank,0,10,10,0,0,Yes
2026-04-20,VoltEdge Case,0,33,33,0,5,Yes
2026-04-20,VoltEdge Charger,0,25,24,1,0,No
2026-04-20,VoltEdge Power Bank,0,10,10,0,2,Yes
2026-04-21,VoltEdge Case,0,9,9,0,24,Yes
2026-04-21,VoltEdge Charger,1,0,1,0,22,Yes
2026-04-21,VoltEdge Power Bank,0,10,10,0,2,Yes
2026-04-22,VoltEdge Case,0,37,37,0,0,Yes
2026-04-22,VoltEdge Charger,0,20,20,0,0,Yes
2026-04-22,VoltEdge Power Bank,0,9,9,0,2,Yes
2026-04-23,VoltEdge Case,0,33,29,4,0,No
2026-04-23,VoltEdge Charger,0,23,21,2,0,No
2026-04-23,VoltEdge Power Bank,0,0,0,0,14,Yes
2026-04-24,VoltEdge Case,4,33,29,8,0,No
2026-04-24,VoltEdge Charger,2,25,22,5,0,No
2026-04-24,VoltEdge Power Bank,0,9,9,0,1,Yes
2026-04-25,VoltEdge Case,8,38,31,15,0,No
2026-04-25,VoltEdge Charger,5,23,25,3,0,No
2026-04-25,VoltEdge Power Bank,0,10,10,0,3,Yes
2026-04-26,VoltEdge Case,15,39,35,19,0,No
2026-04-26,VoltEdge Charger,3,20,23,0,3,Yes
2026-04-26,VoltEdge Power Bank,0,11,11,0,0,Yes
2026-04-27,VoltEdge Case,19,32,35,16,0,No
2026-04-27,VoltEdge Charger,0,24,24,0,2,Yes
2026-04-27,VoltEdge Power Bank,0,11,11,0,0,Yes
2026-04-28,VoltEdge Case,16,37,41,12,0,No
2026-04-28,VoltEdge Charger,0,21,19,2,0,No
2026-04-28,VoltEdge Power Bank,0,10,10,0,4,Yes
2026-04-29,VoltEdge Case,12,35,38,9,0,No
2026-04-29,VoltEdge Charger,2,24,24,2,0,No
2026-04-29,VoltEdge Power Bank,0,9,9,0,3,Yes
2026-04-30,VoltEdge Case,9,34,31,12,0,No
2026-04-30,VoltEdge Charger,2,3,5,0,17,Yes
2026-04-30,VoltEdge Power Bank,0,10,10,0,1,Yes
2026-05-01,VoltEdge Case,12,7,19,0,21,Yes
2026-05-01,VoltEdge Charger,0,24,24,0,2,Yes
2026-05-01,VoltEdge Power Bank,0,9,9,0,2,Yes
2026-05-02,VoltEdge Case,0,0,0,0,41,Yes
2026-05-02,VoltEdge Charger,0,20,19,1,0,No
2026-05-02,VoltEdge Power Bank,0,11,11,0,2,Yes
2026-05-03,VoltEdge Case,0,32,32,0,3,Yes
2026-05-03,VoltEdge Charger,1,5,6,0,14,Yes
2026-05-03,VoltEdge Power Bank,0,9,9,0,1,Yes
2026-05-04,VoltEdge Case,0,34,28,6,0,No
2026-05-04,VoltEdge Charger,0,21,20,1,0,No
2026-05-04,VoltEdge Power Bank,0,10,10,0,3,Yes
2026-05-05,VoltEdge Case,6,33,31,8,0,No
2026-05-05,VoltEdge Charger,1,25,18,8,0,No
2026-05-05,VoltEdge Power Bank,0,11,11,0,0,Yes
2026-05-06,VoltEdge Case,8,6,14,0,15,Yes
2026-05-06,VoltEdge Charger,8,2,10,0,15,Yes
2026-05-06,VoltEdge Power Bank,0,2,2,0,10,Yes
2026-05-07,VoltEdge Case,0,33,33,0,0,Yes
2026-05-07,VoltEdge Charger,0,23,23,0,0,Yes
2026-05-07,VoltEdge Power Bank,0,10,10,0,4,Yes
2026-05-08,VoltEdge Case,0,39,37,2,0,No
2026-05-08,VoltEdge Charger,0,1,1,0,25,Yes
2026-05-08,VoltEdge Power Bank,0,9,9,0,3,Yes
2026-05-09,VoltEdge Case,2,33,34,1,0,No
2026-05-09,VoltEdge Charger,0,21,18,3,0,No
2026-05-09,VoltEdge Power Bank,0,9,9,0,5,Yes
2026-05-10,VoltEdge Case,1,8,9,0,32,Yes
2026-05-10,VoltEdge Charger,3,25,26,2,0,No
2026-05-10,VoltEdge Power Bank,0,10,10,0,0,Yes
2026-05-11,VoltEdge Case,0,35,35,0,5,Yes
2026-05-11,VoltEdge Charger,2,21,18,5,0,No
2026-05-11,VoltEdge Power Bank,0,10,10,0,3,Yes
2026-05-12,VoltEdge Case,0,0,0,0,34,Yes
2026-05-12,VoltEdge Charger,5,24,22,7,0,No
2026-05-12,VoltEdge Power Bank,0,9,9,0,2,Yes
2026-05-13,VoltEdge Case,0,33,33,0,1,Yes
2026-05-13,VoltEdge Charger,7,20,21,6,0,No
2026-05-13,VoltEdge Power Bank,0,11,11,0,3,Yes
2026-05-14,VoltEdge Case,0,9,9,0,27,Yes
2026-05-14,VoltEdge Charger,6,4,10,0,12,Yes
2026-05-14,VoltEdge Power Bank,0,9,9,0,2,Yes
2026-05-15,VoltEdge Case,0,39,34,5,0,No
2026-05-15,VoltEdge Charger,0,21,21,0,3,Yes
2026-05-15,VoltEdge Power Bank,0,10,10,0,1,Yes
2026-05-16,VoltEdge Case,5,34,39,0,0,Yes
2026-05-16,VoltEdge Charger,0,22,18,4,0,No
2026-05-16,VoltEdge Power Bank,0,1,1,0,12,Yes
2026-05-17,VoltEdge Case,0,39,29,10,0,No
2026-05-17,VoltEdge Charger,4,23,22,5,0,No
2026-05-17,VoltEdge Power Bank,0,9,9,0,2,Yes
2026-05-18,VoltEdge Case,10,7,17,0,11,Yes
2026-05-18,VoltEdge Charger,5,22,19,8,0,No
2026-05-18,VoltEdge Power Bank,0,10,10,0,1,Yes
2026-05-19,VoltEdge Case,0,38,36,2,0,No
2026-05-19,VoltEdge Charger,8,21,26,3,0,No
2026-05-19,VoltEdge Power Bank,0,1,1,0,12,Yes
2026-05-20,VoltEdge Case,2,6,8,0,27,Yes
2026-05-20,VoltEdge Charger,3,24,23,4,0,No
2026-05-20,VoltEdge Power Bank,0,1,1,0,11,Yes
2026-05-21,VoltEdge Case,0,33,33,0,0,Yes
2026-05-21,VoltEdge Charger,4,20,22,2,0,No
2026-05-21,VoltEdge Power Bank,0,11,11,0,0,Yes
2026-05-22,VoltEdge Case,0,33,33,0,8,Yes
2026-05-22,VoltEdge Charger,2,20,22,0,1,Yes
2026-05-22,VoltEdge Power Bank,0,11,10,1,0,No
2026-05-23,VoltEdge Case,0,4,4,0,29,Yes
2026-05-23,VoltEdge Charger,0,23,23,0,1,Yes
2026-05-23,VoltEdge Power Bank,1,9,10,0,1,Yes
2026-05-24,VoltEdge Case,0,1,1,0,29,Yes
2026-05-24,VoltEdge Charger,0,23,19,4,0,No
2026-05-24,VoltEdge Power Bank,0,11,11,0,0,Yes
2026-05-25,VoltEdge Case,0,32,30,2,0,No
2026-05-25,VoltEdge Charger,4,2,6,0,18,Yes
2026-05-25,VoltEdge Power Bank,0,11,10,1,0,No
2026-05-26,VoltEdge Case,2,11,13,0,19,Yes
2026-05-26,VoltEdge Charger,0,21,21,0,3,Yes
2026-05-26,VoltEdge Power Bank,1,10,11,0,0,Yes
2026-05-27,VoltEdge Case,0,37,33,4,0,No
2026-05-27,VoltEdge Charger,0,21,21,0,4,Yes
2026-05-27,VoltEdge Power Bank,0,9,9,0,1,Yes
2026-05-28,VoltEdge Case,4,5,9,0,14,Yes
2026-05-28,VoltEdge Charger,0,23,12,11,0,No
2026-05-28,VoltEdge Power Bank,0,11,9,2,0,No
2026-05-29,VoltEdge Case,0,35,23,12,0,No
2026-05-29,VoltEdge Charger,11,7,12,6,0,No
2026-05-29,VoltEdge Power Bank,2,10,8,4,0,No
2026-05-30,VoltEdge Case,12,36,17,31,0,No
2026-05-30,VoltEdge Charger,6,22,14,14,0,No
2026-05-30,VoltEdge Power Bank,4,9,6,7,0,No
2026-05-31,VoltEdge Case,31,32,20,43,0,No
2026-05-31,VoltEdge Charger,14,21,11,24,0,No
2026-05-31,VoltEdge Power Bank,7,9,8,8,0,No
2026-06-01,VoltEdge Case,43,34,18,59,0,No
2026-06-01,VoltEdge Charger,24,21,12,33,0,No
2026-06-01,VoltEdge Power Bank,8,10,7,11,0,No
2026-06-02,VoltEdge Case,59,35,23,71,0,No
2026-06-02,VoltEdge Charger,33,23,13,43,0,No
2026-06-02,VoltEdge Power Bank,11,10,7,14,0,No
2026-06-03,VoltEdge Case,71,39,21,89,0,No
2026-06-03,VoltEdge Charger,43,1,14,30,0,No
2026-06-03,VoltEdge Power Bank,14,2,9,7,0,No
2026-06-04,VoltEdge Case,89,36,24,101,0,No
2026-06-04,VoltEdge Charger,30,21,11,40,0,No
2026-06-04,VoltEdge Power Bank,7,9,9,7,0,No
2026-06-05,VoltEdge Case,101,34,17,118,0,No
2026-06-05,VoltEdge Charger,40,5,14,31,0,No
2026-06-05,VoltEdge Power Bank,7,11,7,11,0,No
2026-06-06,VoltEdge Case,118,6,21,103,0,No
2026-06-06,VoltEdge Charger,31,6,14,23,0,No
2026-06-06,VoltEdge Power Bank,11,10,8,13,0,No
2026-06-07,VoltEdge Case,103,34,22,115,0,No
2026-06-07,VoltEdge Charger,23,7,16,14,0,No
2026-06-07,VoltEdge Power Bank,13,10,7,16,0,No
2026-06-08,VoltEdge Case,115,35,19,131,0,No
2026-06-08,VoltEdge Charger,14,25,13,26,0,No
2026-06-08,VoltEdge Power Bank,16,9,6,19,0,No
2026-06-09,VoltEdge Case,131,35,24,142,0,No
2026-06-09,VoltEdge Charger,26,25,14,37,0,No
2026-06-09,VoltEdge Power Bank,19,11,8,22,0,No
2026-06-10,VoltEdge Case,142,37,20,159,0,No
2026-06-10,VoltEdge Charger,37,2,14,25,0,No
2026-06-10,VoltEdge Power Bank,22,11,7,26,0,No
2026-06-11,VoltEdge Case,159,37,24,172,0,No
2026-06-11,VoltEdge Charger,25,25,15,35,0,No
2026-06-11,VoltEdge Power Bank,26,11,8,29,0,No
2026-06-12,VoltEdge Case,172,36,23,185,0,No
2026-06-12,VoltEdge Charger,35,24,13,46,0,No
2026-06-12,VoltEdge Power Bank,29,10,7,32,0,No
2026-06-13,VoltEdge Case,185,37,20,202,0,No
2026-06-13,VoltEdge Charger,46,25,11,60,0,No
2026-06-13,VoltEdge Power Bank,32,10,8,34,0,No
2026-06-14,VoltEdge Case,202,32,21,213,0,No
2026-06-14,VoltEdge Charger,60,3,13,50,0,No
2026-06-14,VoltEdge Power Bank,34,9,8,35,0,No
2026-06-15,VoltEdge Case,213,35,17,231,0,No
2026-06-15,VoltEdge Charger,50,20,13,57,0,No
2026-06-15,VoltEdge Power Bank,35,9,7,37,0,No
2026-06-16,VoltEdge Case,231,2,22,211,0,No
2026-06-16,VoltEdge Charger,57,25,13,69,0,No
2026-06-16,VoltEdge Power Bank,37,1,7,31,0,No
2026-06-17,VoltEdge Case,211,37,19,229,0,No
2026-06-17,VoltEdge Charger,69,24,16,77,0,No
2026-06-17,VoltEdge Power Bank,31,10,8,33,0,No
2026-06-18,VoltEdge Case,229,32,41,220,0,No
2026-06-18,VoltEdge Charger,77,20,24,73,0,No
2026-06-18,VoltEdge Power Bank,33,9,12,30,0,No
2026-06-19,VoltEdge Case,220,35,32,223,0,No
2026-06-19,VoltEdge Charger,73,22,18,77,0,No
2026-06-19,VoltEdge Power Bank,30,11,14,27,0,No
2026-06-20,VoltEdge Case,223,8,36,195,0,No
2026-06-20,VoltEdge Charger,77,22,25,74,0,No
2026-06-20,VoltEdge Power Bank,27,11,11,27,0,No
2026-06-21,VoltEdge Case,195,36,35,196,0,No
2026-06-21,VoltEdge Charger,74,21,18,77,0,No
2026-06-21,VoltEdge Power Bank,27,9,12,24,0,No
2026-06-22,VoltEdge Case,196,34,34,196,0,No
2026-06-22,VoltEdge Charger,77,1,23,55,0,No
2026-06-22,VoltEdge Power Bank,24,11,12,23,0,No
2026-06-23,VoltEdge Case,196,37,40,193,0,No
2026-06-23,VoltEdge Charger,55,20,25,50,0,No
2026-06-23,VoltEdge Power Bank,23,2,10,15,0,No
2026-06-24,VoltEdge Case,193,38,32,199,0,No
2026-06-24,VoltEdge Charger,50,24,18,56,0,No
2026-06-24,VoltEdge Power Bank,15,9,11,13,0,No
2026-06-25,VoltEdge Case,199,35,38,196,0,No
2026-06-25,VoltEdge Charger,56,21,21,56,0,No
2026-06-25,VoltEdge Power Bank,13,10,11,12,0,No
2026-06-26,VoltEdge Case,196,34,34,196,0,No
2026-06-26,VoltEdge Charger,56,5,20,41,0,No
2026-06-26,VoltEdge Power Bank,12,11,12,11,0,No
2026-06-27,VoltEdge Case,196,32,37,191,0,No
2026-06-27,VoltEdge Charger,41,22,24,39,0,No
2026-06-27,VoltEdge Power Bank,11,9,12,8,0,No
2026-06-28,VoltEdge Case,191,33,30,194,0,No
2026-06-28,VoltEdge Charger,39,22,24,37,0,No
2026-06-28,VoltEdge Power Bank,8,10,12,6,0,No
2026-06-29,VoltEdge Case,194,32,29,197,0,No
2026-06-29,VoltEdge Charger,37,25,23,39,0,No
2026-06-29,VoltEdge Power Bank,6,2,8,0,5,Yes
2026-06-30,VoltEdge Case,197,37,34,200,0,No
2026-06-30,VoltEdge Charger,39,4,22,21,0,No
2026-06-30,VoltEdge Power Bank,0,0,0,0,13,Yes
2026-07-01,VoltEdge Case,200,35,40,195,0,No
2026-07-01,VoltEdge Charger,21,22,25,18,0,No
2026-07-01,VoltEdge Power Bank,0,9,9,0,2,Yes
2026-07-02,VoltEdge Case,195,35,29,201,0,No
2026-07-02,VoltEdge Charger,18,24,22,20,0,No
2026-07-02,VoltEdge Power Bank,0,2,2,0,8,Yes
2026-07-03,VoltEdge Case,201,5,42,164,0,No
2026-07-03,VoltEdge Charger,20,24,26,18,0,No
2026-07-03,VoltEdge Power Bank,0,2,2,0,10,Yes
2026-07-04,VoltEdge Case,164,6,39,131,0,No
2026-07-04,VoltEdge Charger,18,21,21,18,0,No
2026-07-04,VoltEdge Power Bank,0,9,9,0,1,Yes
2026-07-05,VoltEdge Case,131,39,29,141,0,No
2026-07-05,VoltEdge Charger,18,20,21,17,0,No
2026-07-05,VoltEdge Power Bank,0,11,11,0,1,Yes
2026-07-06,VoltEdge Case,141,33,30,144,0,No
2026-07-06,VoltEdge Charger,17,22,23,16,0,No
2026-07-06,VoltEdge Power Bank,0,11,11,0,3,Yes
2026-07-07,VoltEdge Case,144,39,37,146,0,No
2026-07-07,VoltEdge Charger,16,2,18,0,4,Yes
2026-07-07,VoltEdge Power Bank,0,11,11,0,0,Yes
2026-07-08,VoltEdge Case,146,38,28,156,0,No
2026-07-08,VoltEdge Charger,0,20,20,0,4,Yes
2026-07-08,VoltEdge Power Bank,0,9,9,0,2,Yes
2026-07-09,VoltEdge Case,156,16,81,91,0,No
2026-07-09,VoltEdge Charger,0,1,1,0,63,Yes
2026-07-09,VoltEdge Power Bank,0,0,0,0,33,Yes
2026-07-10,VoltEdge Case,91,17,101,7,0,No
2026-07-10,VoltEdge Charger,0,10,10,0,43,Yes
2026-07-10,VoltEdge Power Bank,0,5,5,0,28,Yes
2026-07-11,VoltEdge Case,7,19,26,0,61,Yes
2026-07-11,VoltEdge Charger,0,11,11,0,54,Yes
2026-07-11,VoltEdge Power Bank,0,5,5,0,21,Yes
2026-07-12,VoltEdge Case,0,16,16,0,88,Yes
2026-07-12,VoltEdge Charger,0,3,3,0,48,Yes
2026-07-12,VoltEdge Power Bank,0,4,4,0,21,Yes
2026-07-13,VoltEdge Case,0,16,16,0,83,Yes
2026-07-13,VoltEdge Charger,0,10,10,0,35,Yes
2026-07-13,VoltEdge Power Bank,0,1,1,0,33,Yes
2026-07-14,VoltEdge Case,0,17,17,0,77,Yes
2026-07-14,VoltEdge Charger,0,11,11,0,53,Yes
2026-07-14,VoltEdge Power Bank,0,4,4,0,25,Yes
2026-07-15,VoltEdge Case,0,16,16,0,77,Yes
2026-07-15,VoltEdge Charger,0,12,12,0,33,Yes
2026-07-15,VoltEdge Power Bank,0,5,5,0,21,Yes
2026-07-16,VoltEdge Case,0,19,19,0,73,Yes
2026-07-16,VoltEdge Charger,0,11,11,0,39,Yes
2026-07-16,VoltEdge Power Bank,0,4,4,0,29,Yes
2026-07-17,VoltEdge Case,0,18,18,0,80,Yes
2026-07-17,VoltEdge Charger,0,2,2,0,53,Yes
2026-07-17,VoltEdge Power Bank,0,5,5,0,27,Yes
2026-07-18,VoltEdge Case,0,1,1,0,76,Yes
2026-07-18,VoltEdge Charger,0,12,12,0,51,Yes
2026-07-18,VoltEdge Power Bank,0,5,5,0,29,Yes
2026-07-19,VoltEdge Case,0,19,19,0,56,Yes
2026-07-19,VoltEdge Charger,0,11,11,0,40,Yes
2026-07-19,VoltEdge Power Bank,0,4,4,0,21,Yes
2026-07-20,VoltEdge Case,0,16,16,0,61,Yes
2026-07-20,VoltEdge Charger,0,0,0,0,44,Yes
2026-07-20,VoltEdge Power Bank,0,0,0,0,33,Yes
2026-07-21,VoltEdge Case,0,4,4,0,95,Yes
2026-07-21,VoltEdge Charger,0,12,12,0,52,Yes
2026-07-21,VoltEdge Power Bank,0,4,4,0,22,Yes
2026-07-22,VoltEdge Case,0,18,18,0,80,Yes
2026-07-22,VoltEdge Charger,0,12,12,0,39,Yes
2026-07-22,VoltEdge Power Bank,0,5,5,0,20,Yes
2026-07-23,VoltEdge Case,0,19,19,0,53,Yes
2026-07-23,VoltEdge Charger,0,2,2,0,56,Yes
2026-07-23,VoltEdge Power Bank,0,5,5,0,27,Yes
2026-07-24,VoltEdge Case,0,17,17,0,86,Yes
2026-07-24,VoltEdge Charger,0,10,10,0,34,Yes
2026-07-24,VoltEdge Power Bank,0,1,1,0,24,Yes
2026-07-25,VoltEdge Case,0,16,16,0,80,Yes
2026-07-25,VoltEdge Charger,0,10,10,0,36,Yes
2026-07-25,VoltEdge Power Bank,0,4,4,0,22,Yes
2026-07-26,VoltEdge Case,0,17,17,0,56,Yes
2026-07-26,VoltEdge Charger,0,11,11,0,37,Yes
2026-07-26,VoltEdge Power Bank,0,5,5,0,24,Yes
2026-07-27,VoltEdge Case,0,19,19,0,71,Yes
2026-07-27,VoltEdge Charger,0,11,11,0,48,Yes
2026-07-27,VoltEdge Power Bank,0,5,5,0,25,Yes
2026-07-28,VoltEdge Case,0,19,19,0,57,Yes
2026-07-28,VoltEdge Charger,0,11,11,0,42,Yes
2026-07-28,VoltEdge Power Bank,0,5,5,0,22,Yes
2026-07-29,VoltEdge Case,0,18,18,0,53,Yes
2026-07-29,VoltEdge Charger,0,0,0,0,46,Yes
2026-07-29,VoltEdge Power Bank,0,5,5,0,24,Yes
2026-07-30,VoltEdge Case,0,37,37,0,1,Yes
2026-07-30,VoltEdge Charger,0,20,20,0,0,Yes
2026-07-30,VoltEdge Power Bank,0,11,10,1,0,No
2026-07-31,VoltEdge Case,0,37,37,0,1,Yes
2026-07-31,VoltEdge Charger,0,2,2,0,23,Yes
2026-07-31,VoltEdge Power Bank,1,9,10,0,3,Yes
2026-08-01,VoltEdge Case,0,36,33,3,0,No
2026-08-01,VoltEdge Charger,0,25,25,0,0,Yes
2026-08-01,VoltEdge Power Bank,0,1,1,0,9,Yes
2026-08-02,VoltEdge Case,3,32,35,0,0,Yes
2026-08-02,VoltEdge Charger,0,22,22,0,1,Yes
2026-08-02,VoltEdge Power Bank,0,11,11,0,1,Yes
2026-08-03,VoltEdge Case,0,38,33,5,0,No
2026-08-03,VoltEdge Charger,0,21,21,0,4,Yes
2026-08-03,VoltEdge Power Bank,0,11,10,1,0,No
2026-08-04,VoltEdge Case,5,6,11,0,28,Yes
2026-08-04,VoltEdge Charger,0,5,5,0,18,Yes
2026-08-04,VoltEdge Power Bank,1,11,10,2,0,No
2026-08-05,VoltEdge Case,0,10,10,0,31,Yes
2026-08-05,VoltEdge Charger,0,25,23,2,0,No
2026-08-05,VoltEdge Power Bank,2,9,10,1,0,No
2026-08-06,VoltEdge Case,0,32,32,0,5,Yes
2026-08-06,VoltEdge Charger,2,24,22,4,0,No
2026-08-06,VoltEdge Power Bank,1,10,11,0,1,Yes
2026-08-07,VoltEdge Case,0,39,39,0,0,Yes
2026-08-07,VoltEdge Charger,4,1,5,0,14,Yes
2026-08-07,VoltEdge Power Bank,0,10,10,0,2,Yes
2026-08-08,VoltEdge Case,0,33,33,0,8,Yes
2026-08-08,VoltEdge Charger,0,25,25,0,1,Yes
2026-08-08,VoltEdge Power Bank,0,9,9,0,2,Yes
2026-08-09,VoltEdge Case,0,9,9,0,25,Yes
2026-08-09,VoltEdge Charger,0,23,23,0,1,Yes
2026-08-09,VoltEdge Power Bank,0,11,11,0,3,Yes
2026-08-10,VoltEdge Case,0,39,38,1,0,No
2026-08-10,VoltEdge Charger,0,21,20,1,0,No
2026-08-10,VoltEdge Power Bank,0,9,9,0,1,Yes
2026-08-11,VoltEdge Case,1,4,5,0,26,Yes
2026-08-11,VoltEdge Charger,1,25,20,6,0,No
2026-08-11,VoltEdge Power Bank,0,10,10,0,3,Yes
2026-08-12,VoltEdge Case,0,37,29,8,0,No
2026-08-12,VoltEdge Charger,6,1,7,0,17,Yes
2026-08-12,VoltEdge Power Bank,0,2,2,0,12,Yes
2026-08-13,VoltEdge Case,8,35,39,4,0,No
2026-08-13,VoltEdge Charger,0,21,21,0,1,Yes
2026-08-13,VoltEdge Power Bank,0,2,2,0,8,Yes
2026-08-14,VoltEdge Case,4,8,12,0,25,Yes
2026-08-14,VoltEdge Charger,0,20,18,2,0,No
2026-08-14,VoltEdge Power Bank,0,10,10,0,2,Yes
2026-08-15,VoltEdge Case,0,2,2,0,36,Yes
2026-08-15,VoltEdge Charger,2,20,22,0,3,Yes
2026-08-15,VoltEdge Power Bank,0,10,10,0,4,Yes
2026-08-16,VoltEdge Case,0,35,35,0,0,Yes
2026-08-16,VoltEdge Charger,0,24,22,2,0,No
2026-08-16,VoltEdge Power Bank,0,1,1,0,11,Yes
2026-08-17,VoltEdge Case,0,35,32,3,0,No
2026-08-17,VoltEdge Charger,2,21,18,5,0,No
2026-08-17,VoltEdge Power Bank,0,11,11,0,0,Yes
2026-08-18,VoltEdge Case,3,36,29,10,0,No
2026-08-18,VoltEdge Charger,5,25,25,5,0,No
2026-08-18,VoltEdge Power Bank,0,11,11,0,2,Yes
2026-08-19,VoltEdge Case,10,38,37,11,0,No
2026-08-19,VoltEdge Charger,5,21,23,3,0,No
2026-08-19,VoltEdge Power Bank,0,11,11,0,3,Yes
